position	smiles	name
neg_A2	COc1cc2c(cc1)[nH]cc2CCNC(C)=O	zzz
neg_B2	CC1=C(/C=C/C(C)=C/C=C/C(C)=C\C(=O)O)C(C)(C)CCC1	zzz
neg_C2	CC(=O)NC(CS)C(=O)O	zzz
neg_D2	CC(CCC(=O)O)C1CCC2C3C(O)CC4CC(O)CCC4(C)C3CCC12C	zzz
neg_E2	Nc1ncnc2c1ncn2C1OC(CO)C(O)C1O	zzz
neg_F2	CC1=C(/C=C/C(C)=C/C=C/C(C)=C/C(=O)O)C(C)(C)CCC1	zzz
neg_G2	CC12CCC3c4ccc(O)cc4CCC3C1CCC2=O	zzz
neg_H2	CC12CCC(=O)C=C1CCC1C2C(O)CC2(C)C1CCC2(O)C(=O)CO	zzz
neg_A3	CC(=O)C1CCC2C3CCC4=CC(=O)CCC4(C)C3CCC12C	zzz
neg_B3	CC12CCC3c4c(cc(O)cc4)CCC3C1CCC2O	zzz
neg_C3	O=C(O)c1cccnc1	zzz
neg_D3	CC(CCC(=O)O)C1CCC2C3C(O)CC4CC(O)CCC4(C)C3CCC12C	zzz
neg_E3	NC(=O)c1cccnc1	zzz
neg_F3	C/C1=C2/N=C(/C=C3\N=C(/C(C)=C4\[N-]C(C)(C5N=C1C(C)(CCC(=O)NCC(C)OP(=O)([O-])OC1C(CO)OC(n6cnc7cc(C)c(C)cc76)C1O)C5CC(N)=O)C(C)(CC(N)=O)C4CCC(N)=O)C(C)(CC(N)=O)C3CCC(N)=O)C(C)(C)C2CCC(N)=O.N#C[Co+2]	zzz
neg_G3	CC(=O)C1CCC2C3CC=C4CC(O)CCC4(C)C3CCC12C	zzz
neg_H3	CC1=CC(=O)c2ccccc2C1=O	zzz
neg_A4	O=c1ccn(C2OC(CO)C(O)C2O)c(=O)[nH]1	zzz
neg_B4	Nc1nc(=O)n(C2OC(CO)C(O)C2O)cc1	zzz
neg_C4	O=CC(O)C(O)C(O)C(O)CO	zzz
neg_D4	O=CC(O)C(O)C(O)CO	zzz
neg_E4	O=C(O)CCCc1c[nH]c2c1cccc2	zzz
neg_F4	CC(CCC(=O)O)C1CCC2C3CC(O)C4CC(O)CCC4(C)C3CCC12C	zzz
neg_G4	O=C(O)c1cc(=O)[nH]c(=O)[nH]1	zzz
neg_H4	CNCC(O)c1ccc(O)cc1	zzz
neg_A5	NC(Cc1c[nH]c2ccc(O)cc12)C(=O)O	zzz
neg_B5	C[N+](C)(C)CC(O)CC(=O)[O-]	zzz
neg_C5	OCC(O)C(O)C(O)C(O)CO	zzz
neg_D5	Nc1nc2c(ncn2C2OC(CO)C(O)C2O)c(=O)[nH]1	zzz
neg_E5	O=c1[nH]cnc2c1ncn2C1OC(CO)C(O)C1O	zzz
neg_F5	CC12CCC3c4ccc(O)cc4CCC3C1CC(O)C2O	zzz
neg_G5	CNCC(O)c1cc(O)c(O)cc1	zzz
neg_H5	NCCc1cc(O)c(O)cc1	zzz
neg_A6	CC(=O)OCC(=O)C1(O)CCC2C3CCC4=CC(=O)CCC4(C)C3C(=O)CC21C	zzz
neg_B6	CC(C)NCC(O)c1ccc(O)c(O)c1	zzz
neg_C6	CC(=O)OC1(C(C)=O)CCC2C3CC(C)C4=CC(=O)CCC4(C)C3CCC21C	zzz
neg_D6	CNCC(O)c1cc(O)ccc1	zzz
neg_E6	NC(Cc1cc(I)c(Oc2cc(I)c(O)c(I)c2)c(I)c1)C(=O)O	zzz
neg_F6	CC12CCC3C(CC=C4CC(O)CCC43C)C1CCC2=O	zzz
neg_G6	OCC(O)C(O)C(O)CO	zzz
neg_H6	Cn1cnc(N)c2ncnc-21	zzz
neg_A7	CC12CCC3C(CCC4CC(O)CCC43C)C1CCC2=O	zzz
neg_B7	Nc1ccc(C(=O)NCC(=O)O)cc1	zzz
neg_C7	CCCCCC(O)/C=C/C1C(O)CC(=O)C1C/C=C\CCCC(=O)O	zzz
neg_D7	Cc1c(O)c(CO)c(CO)cn1	zzz
neg_E7	O=C1OC(C(O)CO)C(O)=C1O	zzz
neg_F7	O=C(O)CCCCC1SCC2NC(=O)NC21	zzz
neg_G7	O=C(O)c1cccnc1C(=O)O	zzz
neg_H7	NCCc1ccc(O)cc1	zzz
neg_A8	NCCc1c[nH]c2ccccc12	zzz
neg_B8	CC(=O)Oc1c(C)c(C)c2OC(C)(CCCC(C)CCCC(C)CCCC(C)C)CCc2c1C	zzz
neg_C8	CC(C(=O)O)C(=O)O	zzz
neg_D8	NC(N)=O	zzz
neg_E8	O=c1[nH]c(=O)c2c(nc[nH]2)[nH]1	zzz
neg_F8	NC1C(O)OC(CO)C(O)C1O	zzz
neg_G8	CC1CNC(=O)NC1=O	zzz
neg_H8	C=CCCCCCCCCC(=O)OC1CCC2C3CCC4=CC(=O)C=CC4(C)C3CCC12C	zzz
neg_A9	CC(CCC(=O)O)C1CCC2C3C(O)CC4CC(O)CCC4(C)C3CC(O)C12C	zzz
neg_C9	C[N+](C)(C)CC(=O)[O-]	zzz
neg_D9	O=c1[nH]cnc2c1ncn2C1CC(O)C(CO)O1	zzz
neg_E9	CCCCCCCCCCCCCCCC(=O)O	zzz
neg_F9	O=C(O)c1c(O)ccc(O)c1	zzz
neg_G9	C[n+]1cc(C(=O)O)ccc1	zzz
neg_H9	OCC1OC(O)C(O)C(O)C1O	zzz
neg_A10	NC(=O)NC1NC(=O)NC1=O	zzz
neg_B10	OCC(O)C(O)C(O)C(O)CO	zzz
neg_C10	CC(CCC(=O)NCCS(=O)(=O)O)C1CCC2C3C(O)CC4CC(O)CCC4(C)C3CCC12C	zzz
neg_E10	NC(Cc1cc(I)c(O)c(I)c1)C(=O)O	zzz
neg_F10	NCCc1c[nH]cn1	zzz
neg_G10	Cc1ncc(CO)c(CO)c1O	zzz
neg_H10	NC(Cc1c[nH]c2c1cccc2)C(=O)O	zzz
neg_A11	O=C(O)CCCCC1CCSS1	zzz
neg_B11	CC(CCC(=O)O)C1CCC2C3CCC4CC(O)CCC4(C)C3CCC12C	zzz
neg_C11	C=C1CCC(O)C/C1=C/C=C1\CCCC2(C)C1CCC2C(C)/C=C/C(C)C(C)C	zzz
neg_D11	C=C1CCC(O)C/C1=C/C=C1\CCCC2(C)C1CCC2C(C)CCCC(C)C	zzz
neg_E11	NCCc1c[nH]cn1	zzz
neg_F11	O=C(O)c1ccccc1	zzz
neg_G11	CCCCCCCCCCCCCCCCO	zzz
neg_H11	O=c1cc[nH]c(=O)[nH]1	zzz
neg_A2	Nc1nc2c(nn[nH]2)c(=O)[nH]1	zzz
neg_B2	NCCS	zzz
neg_C2	CC(=O)OCC(=O)C1CCC2C3CCC4=CC(=O)CCC4(C)C3CCC12C	zzz
neg_D2	NCCc1c[nH]c2ccc(O)cc12	zzz
neg_E2	CC1(O)CCOC(=O)C1	zzz
neg_F2	CC(C)(CO)C(O)C(=O)NCCC(=O)O	zzz
neg_G2	CC(=O)C1(O)CCC2C3CCC4=CC(=O)CCC4(C)C3CCC21C	zzz
neg_H2	Nc1ccc(C(=O)O)cc1	zzz
neg_A3	c1ccc(CNc2ncnc3c2[nH]cn3)cc1	zzz
neg_B3	OC1C(O)C(O)C(O)C(O)C1O	zzz
neg_C3	OCC(O)C(O)C(O)CO	zzz
neg_D3	CC(CCC(=O)O)C1CCC2C3C(=O)CC4CC(=O)CCC4(C)C3CC(=O)C12C	zzz
neg_E3	CC(C)(CO)C(O)C(=O)NCCCO	zzz
neg_F3	Oc1ccc(O)cc1	zzz
neg_G3	OCc1ccccc1	zzz
neg_H3	NC(=O)C1CCCN1C(=O)C(Cc1c[nH]cn1)NC(=O)C1CCC(=O)N1	zzz
neg_A4	Cc1c(O)c(C)c2CCC(C)(CCCC(C)CCCC(C)CCCC(C)C)Oc2c1C	zzz
neg_B4	CC(CCC(=O)O)C1CCC2C3CCC4CC(O)CCC4(C)C3CC(O)C12C	zzz
neg_C4	CC(C)(CO)C(O)C(=O)NCCCO	zzz
neg_D4	CC1=C(C/C=C(\C)CCCC(C)CCCC(C)CCCC(C)C)C(=O)c2c(cccc2)C1=O	zzz
neg_E4	OCC1OC(O)CC(O)C1O	zzz
neg_F4	CCCCCCCC/C=C\CCCCCCCC(=O)O	zzz
neg_G4	CCCCCCCCCCCCCCCC(=O)NCCO	zzz
neg_H4	O=C(O)c1cc(O)c2ccccc2n1	zzz
neg_A5	CCCCCCCCCCCC(=O)O	zzz
neg_B5	CC12CCC(=O)C=C1CCC1C2C(O)CC2(C)C(C(=O)CO)CCC12	zzz
neg_C5	CC(=O)c1c(O)cc(O)cc1	zzz
neg_D5	O=CC(O)C(O)C(O)C(O)COC1OC(CO)C(O)C(O)C1O	zzz
neg_E5	NC(Cc1c[nH]c2ccc(O)cc12)C(=O)O	zzz
neg_F5	CC12CC(=O)C3C(CCC4=CC(=O)CCC43C)C1CCC2=O	zzz
neg_G5	O=C(O)c1cc(O)c2cccc(O)c2n1	zzz
neg_H5	CC12CCC(=O)C=C1CCC1C2CCC2(C)C1CCC2(O)C(=O)CO	zzz
neg_A6	CC(=O)Oc1c2ccccc2c(OC(C)=O)c(C)c1	zzz
neg_B6	NC(=O)c1ccc[n+]([O-])c1	zzz
neg_D6	O=c1c(O)c(-c2ccccc2)oc2c1cccc2	zzz
neg_E6	CC(=O)NC1C(O)CC(O)(C(=O)O)OC1C(O)C(O)CO	zzz
neg_F6	CC(=O)OC1CCC2C3CCC4=CC(=O)CCC4=C3C=CC12C	zzz
neg_G6	Cc1cn(C2CC(O)C(CO)O2)c(=O)[nH]c1=O	zzz
neg_H6	O=C(O)CCc1c[nH]c2c1cccc2	zzz
neg_A7	OCCc1c[nH]c2c1cccc2	zzz
neg_B7	O=C(O)c1c[nH]c2c1cccc2	zzz
neg_C7	Nc1nc(=O)[nH]cc1	zzz
neg_D7	O=C1OC2C(O)C(O)OC2C1O	zzz
neg_E7	O=C(O)/C=C(/CC(=O)O)C(=O)O	zzz
neg_F7	CCCCCCCCC(=O)O	zzz
neg_G7	CC(CCC(=O)NCC(=O)O)C1CCC2C3C(O)CC4CC(O)CCC4(C)C3CC(O)C12C	zzz
neg_H7	Cc1c[nH]c2c1cccc2	zzz
neg_A8	COc1c(OC)c(OC)cc(/C=C/C(=O)O)c1	zzz
neg_B8	C[Co+]N1/C2=C(/C)C3=N/C(=C\C4=N/C(=C(/C)C5=NC(C(CC(N)=O)C5(C)CCC(=O)NCC(C)OP(=O)([O-])OC5C(CO)OC(n6cnc7cc(C)c(C)cc76)C5O)C1(C)C(C)(CC(N)=O)C2CCC(N)=O)C(CCC(N)=O)C4(C)C)C(CCC(N)=O)C3(C)CC(N)=O	zzz
neg_C8	CC(C)=CCC/C(C)=C/CC/C(C)=C/CC/C(C)=C/CC1=C(C)C(=O)c2c(cccc2)C1=O	zzz
neg_D8	OCC1OC(OCC2OC(OCC3OC(OC4(CO)OC(CO)C(O)C4O)C(O)C(O)C3O)C(O)C(O)C2O)C(O)C(O)C1O	zzz
neg_E8	CC(CCC(=O)NCCS(=O)(=O)O)C1CCC2C3C(O)CC4CC(O)CCC4(C)C3CC(O)C12C	zzz
neg_F8	C=CC1=C(C)c2cc3nc(cc4c(CCC(=O)O)c(C)c(cc5[nH]c(cc1n2)c(C)c5C=C)[nH]4)C(CCC(=O)O)=C3C	zzz
neg_G8	Nc1ncnc2c1ncn2C1OC(COP(=O)(O)O)C(O)C1O	zzz
neg_H8	Cc1ncc(COP(=O)(O)O)c(C=O)c1O	zzz
neg_A9	NCCc1ccccc1	zzz
neg_B9	O=CO	zzz
neg_C9	CC(C)CCCC(C)C1CCC2C3=CC=C4CC(O)CCC4(C)C3CCC21C	zzz
neg_D9	CCCCCCC(O)C(=O)O	zzz
neg_E9	CC(=O)OC(CC(=O)O)C[N+](C)(C)C	zzz
neg_F9	O=c1ccn(C2CC(O)C(CO)O2)c(=O)[nH]1	zzz
neg_G9	O=CC(O)C(O)C(O)CO	zzz
neg_H9	O=Cc1ccccc1	zzz
neg_A10	NCCCCCN	zzz
neg_B10	CC1=C(/C=C/C(C)=C/C=C/C(C)=C/CO)C(C)(C)CCC1	zzz
neg_C10	Cc1cc(O)c(O)cc1	zzz
neg_D10	O=C(O)CNC(=O)c1ccccc1	zzz
neg_E10	O=C(O)Cc1cc(O)c(O)cc1	zzz
neg_F10	COc1c(O)ccc(CC(=O)O)c1	zzz
neg_H10	CCCCCCCCCC(=O)OCC(COC(=O)CCCCCCCCC)OC(=O)CCCCCCCCC	zzz
neg_A11	O=C(O)CCCCCCCCC(=O)O	zzz
neg_B11	CCCCCCCCCCCCCCCCCC(=O)O	zzz
neg_C11	O=C(O)CC(O)(CC(=O)O)C(=O)O	zzz
neg_D11	OCC1OC(O)C(O)C(O)C1O	zzz
neg_E11	CC(CCC(=O)NCC(=O)O)C1CCC2C3C(O)CC4CC(O)CCC4(C)C3CCC12C	zzz
neg_F11	CC(=O)C1CCC2C3CCC4CC(O)CCC4(C)C3CCC12C	zzz
neg_G11	O=C1CCC(C(=O)O)N1	zzz
neg_H11	NCCCCN	zzz
neg_A2	O=C(O)c1ccc[nH]1	zzz
neg_B2	CNC(=NCCCC(N)C(=O)O)NC	zzz
neg_C2	Nc1c(C(=O)CC(N)C(=O)O)cccc1	zzz
neg_D2	CC12CCC(=O)C=C1CCC1C2C(=O)CC2(C)C1CCC2(O)C(=O)CO	zzz
neg_E2	c1c[nH]cn1	zzz
neg_F2	CC(C)(c1ccc(O)cc1)c1ccc(O)cc1	zzz
neg_G2	O=Cc1ccc(O)cc1	zzz
neg_H2	CC(N)=O	zzz
neg_A3	CCOC(=O)C(=O)C(C)C(=O)OCC	zzz
neg_B3	COc1cccc(CC(=O)O)c1	zzz
neg_C3	O=C(O)c1ccncc1	zzz
neg_D3	Cc1ccc(O)cc1	zzz
neg_E3	Oc1ccccc1-c1ccccc1	zzz
neg_F3	CC1(C)COC(=O)C1O	zzz
neg_G3	OCC1OC(O)C(O)C(O)C1O	zzz
neg_H3	COc1cccc(CCC(=O)O)c1	zzz
neg_A4	O=C(O)c1c(O)cccc1O	zzz
neg_B4	Nc1c(S(=O)(=O)O)cccc1	zzz
neg_C4	O=C1C=CC(=O)C=C1	zzz
neg_D4	Oc1ccc2ccccc2c1	zzz
neg_E4	CC(O)C(C)O	zzz
neg_F4	OCC(O)C(O)C(O)CO	zzz
neg_G4	CC(C)CC(O)C(=O)O	zzz
neg_H4	O=CC(O)C(O)C(OC1OC(CO)C(O)C(O)C1O)C(O)CO	zzz
neg_A5	O=C(O)CC(=O)CC(=O)O	zzz
neg_B5	Cn1ccc(=O)n(C)c1=O	zzz
neg_C5	O=C(O)CNC(=O)Cc1ccccc1	zzz
neg_D5	O=C(O)C(=O)c1ccccc1	zzz
neg_E5	CCC(CC)C(=O)O	zzz
neg_F5	O=C(O)C1CCC(O)CC1	zzz
neg_G5	COC(=O)CCCC(=O)O	zzz
neg_H5	NC(=O)CCC(NC(=O)Cc1ccccc1)C(=O)O	zzz
neg_A6	Nc1nc(=O)n(C2OC(COP(=O)(O)OP(=O)(O)OP(=O)(O)O)C(O)C2O)cc1	zzz
neg_B6	O=C(O)c1ccc(CO)o1	zzz
neg_C6	NC(Cc1cc(O)c(O)cc1)C(=O)O	zzz
neg_D6	CN(C)c1ncnc2c1[nH]cn2	zzz
neg_E6	CC(CCC(=O)NCC(=O)O)C1CCC2C3CCC4CC(O)CCC4(C)C3CC(O)C12C	zzz
neg_F6	O=C(O)/C=C\C=C/C(=O)O	zzz
neg_G6	O=C(O)c1c2ccccc2ncc1	zzz
neg_H6	O=C(O)CCCCc1ccccc1	zzz
neg_A7	O=C(O)c1cocc1	zzz
neg_B7	Cc1c(O)c(C)c2CCC(C)(CCCC(C)CCCC(C)CCCC(C)C)Oc2c1C	zzz
neg_C7	O=C(O)/C=C/c1c[nH]c2c1cccc2	zzz
neg_D7	C#CC(=O)O	zzz
neg_E7	CC(CCC(=O)O)C(=O)O	zzz
neg_F7	O=C1CC(C(=O)O)NC(=O)N1	zzz
neg_G7	O=C(O)CC(=O)C(=O)O	zzz
neg_H7	OCC(O)C(O)C(O)CO	zzz
neg_A8	Cc1ncc(COP(=O)(O)O)c(C=O)c1O	zzz
neg_B8	CC(C)(O)CC(=O)O	zzz
neg_C8	O=c1[nH]cc(CO)c(=O)[nH]1	zzz
neg_D8	O=C(O)C(=O)Cc1ccccc1	zzz
neg_E8	CC1=C(/C=C/C(C)=C/C=C/C(C)=C/C=O)C(C)(C)CCC1	zzz
neg_F8	CC(C)=CCCC(C)(O)C1CC=C(C)CC1	zzz
neg_G8	Cc1cn(C2OC(CO)C(O)C2O)c(=O)nc1N	zzz
neg_H8	CC(=O)C1=CCC2C3CCC4=CC(=O)CCC4(C)C3CCC12C	zzz
neg_A9	NC(=O)NCCC(=O)O	zzz
neg_B9	CC(=O)OCC(N)C(=O)O	zzz
neg_C9	CC(CCC(=O)NCC(=O)O)C1CCC2C3C(O)CC4CC(O)CCC4(C)C3CCC12C	zzz
neg_D9	O=C(O)CCCCCCCCCCCCCCC(=O)O	zzz
neg_E9	CC(C)C(=O)C(=O)O	zzz
neg_F9	O=C1CCCN1	zzz
neg_G9	O=C(O)Cc1c(O)cccc1	zzz
neg_H9	NC(=O)C(N)Cc1c[nH]c2c1cccc2	zzz
neg_A10	Cc1cn(C2OC(CO)C(O)C2O)c(=O)[nH]c1=O	zzz
neg_B10	O=C(O)c1cc(O)cc(O)c1	zzz
neg_C10	CCC(=O)C(C)C	zzz
neg_D10	CCCCC/C=C/C(=O)O	zzz
neg_E10	C=CCC(C)C(=O)O	zzz
neg_F10	O=C(O)/C=C/C=C/C(=O)O	zzz
neg_G10	O=C(O)C/C=C/CC(=O)O	zzz
neg_H10	CC(C)CC(=O)NCC(=O)O	zzz
neg_A11	O=C1OC(C(O)CO)C(O)C1O	zzz
neg_B11	CN1CC(=O)NC1=O	zzz
neg_C11	CCCCC/C=C\C/C=C\C/C=C\C/C=C\CCCC(=O)O	zzz
neg_D11	CC(=O)NCCCCCN	zzz
neg_E11	O=[N+]([O-])c1ccc(O)cc1	zzz
neg_F11	CNC	zzz
neg_G11	CCCCC(C)=O	zzz
neg_H11	Cc1c(O)cccc1	zzz
neg_A2	CSCCC(NC(C)=O)C(=O)O	zzz
neg_B2	CCCCO	zzz
neg_C2	NCCO	zzz
neg_D2	O=C(O)c1ccccc1C(=O)O	zzz
neg_E2	Cc1c(C(=O)O)cccc1	zzz
neg_F2	COC(=O)CCN	zzz
neg_G2	CC(=O)CC(C)C	zzz
neg_H2	CN	zzz
neg_A3	CCCCCCCCCCCCCCC(=O)O	zzz
neg_B3	O=C1CCCCC1	zzz
neg_C3	O=C(O)CCC(=O)C(=O)O	zzz
neg_D3	CC(C)CO	zzz
neg_E3	CC(=O)OCC1OC(OC(C)=O)C(OC(C)=O)C(OC(C)=O)C1OC(C)=O	zzz
neg_F3	Oc1c(Cl)cc(Cl)cc1	zzz
neg_G3	CCOC(=O)C(C)=O	zzz
neg_H3	CC(C)CC=O	zzz
neg_A4	CC(=O)NC(CCC(=O)O)C(=O)O	zzz
neg_B4	O=C(O)c1ncccc1	zzz
neg_C4	CC(O)C(=O)O	zzz
neg_D4	O=C(O)c1ccc(C(=O)O)cc1	zzz
neg_E4	O=C(O)c1ncccc1O	zzz
neg_F4	NC(Cc1c[nH]c2c1cccc2)C(=O)O	zzz
neg_G4	O=C(O)CCc1ccccc1	zzz
neg_H4	CC(C)CCO	zzz
neg_A5	Nc1nccc(=O)[nH]1	zzz
neg_B5	CC(=O)NC(C=O)C(O)C(O)C(O)CO	zzz
neg_C5	CC(O)CO	zzz
neg_D5	NC(=O)NC(CC(=O)O)C(=O)O	zzz
neg_E5	O=C(O)CCCCCCCCCCC(=O)O	zzz
neg_F5	COc1ccc(CC(=O)O)cc1	zzz
neg_G5	CC(C)CCC(=O)O	zzz
neg_H5	O=C(O)C1CCCCC1	zzz
neg_A6	N#CS[Na]	zzz
neg_B6	CC(C)(CC(=O)O)CC(=O)O	zzz
neg_C6	CCCCCCCC(=O)O	zzz
neg_D6	Cc1cc(C(=O)O)ccc1O	zzz
neg_E6	CNC(=N)N	zzz
neg_F6	CSSSC	zzz
neg_G6	CC(=O)NC(Cc1ccc(O)cc1)C(=O)O	zzz
neg_H6	O=C(O)c1ccc(C(=O)O)o1	zzz
neg_A7	CC(C(=O)O)c1ccccc1	zzz
neg_B7	COc1cc2c(cc1)[nH]cc2CCN	zzz
neg_C7	O=C(O)C(O)Cc1ccccc1	zzz
neg_D7	CCC(=O)C(=O)O	zzz
neg_E7	O=C(O)CCCCCCCCCC(=O)O	zzz
neg_F7	CSCCC(=O)O	zzz
neg_G7	O=CC(O)C(O)C(O)C(O)C(=O)O	zzz
neg_H7	O=C(O)CCCCCCCCCCCCC(=O)O	zzz
neg_A8	Cc1cc(O)cc2c1OC(C)(CCCC(C)CCCC(C)CCCC(C)C)CC2	zzz
neg_B8	NC(=O)C1=CN(C2OC(COP(=O)(O)OP(=O)(O)OCC3OC(n4cnc5c4ncnc5N)C(O)C3O)C(O)C2O)C=CC1	zzz
neg_C8	CC12CCC3C(CCC4CC(O)CCC43C)C1CCC2=O	zzz
neg_D8	CC(=O)NC(CCCNC(=N)N)C(=O)O	zzz
neg_E8	CC(CCC(=O)NCC(=O)O)C1CCC2C3C(O)CC4CC(O)CCC4(C)C3CCC12C	zzz
neg_F8	CC(CC(=O)O)C(=O)O	zzz
neg_G8	NCCCCCN	zzz
neg_H8	NC(C=O)C(O)C(O)C(O)CO	zzz
neg_A9	CCCCCCCC/C=C\CCCCCCCCCCCCCC(=O)O	zzz
neg_B9	CC/C=C\C/C=C\C/C=C\C/C=C\C/C=C\C/C=C\CCC(=O)O	zzz
neg_C9	CC/C=C\C/C=C\C/C=C\C/C=C\C/C=C\CCCC(=O)O	zzz
neg_D9	COc1ccc(CC(=O)O)cc1O	zzz
neg_E9	CC(CCC(=O)O)C1CCC2C3CC=C4CC(O)CCC4(C)C3CCC12C	zzz
neg_F9	CNC(CC(=O)O)C(=O)O	zzz
neg_G9	O=C(O)C(O)c1ccccc1	zzz
neg_H9	Nc1nc2c(ncn2C2CC(O)C(CO)O2)c(=O)[nH]1	zzz
neg_A10	Nc1ncnc2c1ncn2C1CC(O)C(CO)O1	zzz
neg_B10	O=C(O)Cc1c(O)ccc(O)c1	zzz
neg_C10	O=CCc1ccccc1	zzz
neg_D10	Nc1ncnc2c1ncn2C1OC(COP(=O)(O)O)C(O)C1O	zzz
neg_E10	Nc1ncnc2c1ncn2C1OC(COP(=O)(O)OP(=O)(O)O)C(O)C1O	zzz
neg_F10	O=c1[nH]c(=O)c2c([nH]1)n(C1OC(CO)C(O)C1O)cn2	zzz
neg_G10	Cc1c[nH]c(=O)[nH]c1=O	zzz
neg_H10	O=C(O)/C=C/c1c[nH]cn1	zzz
neg_A11	O=c1ccn(C2OC(COP(=O)(O)O)C(O)C2O)c(=O)[nH]1	zzz
neg_B11	NCC(O)c1cc(O)c(O)cc1	zzz
neg_C11	COc1c(O)cc2CCC3C(CCC4(C)C(O)CCC34)c2c1	zzz
neg_D11	CCCCCC(O)/C=C/C1C(O)CC(=O)C1CCCCCCC(=O)O	zzz
neg_E11	C#CC1(O)CCC2C3CCc4cc(O)ccc4C3CCC21C	zzz
neg_F11	CC(=O)OCC[N+](C)(C)C	zzz
neg_G11	O=C(O)/C=C/c1ccc(O)c(O)c1	zzz
neg_H11	CC1(C(=O)O)CCC2(C)CCC3(C)C(=CC(=O)C4C5(C)CCC(O)C(C)(C)C5CCC43C)C2C1	zzz
neg_A2	COc1cc(/C=C/C(=O)O)ccc1O	zzz
neg_B2	c1coc(CNc2ncnc3c2[nH]cn3)c1	zzz
neg_C2	CC1(C)CC(C(=O)O)C2CCC3(C)C(=CCC4C5(C)CCC(O)C(C)(C)C5CCC43C)C2C1	zzz
neg_D2	C=CC1(C)CC(=O)C2(O)C(C)(O1)C(OC(C)=O)C(O)C1C(C)(C)CCC(O)C12C	zzz
neg_E2	Oc1ccc(C2COc3cc(O)ccc3C2)cc1	zzz
neg_F2	NCC(=O)CCC(=O)O	zzz
neg_G2	C#CC1(O)CCC2C3CCC4=CC(=O)CCC4(C)C3CCC21C	zzz
neg_H2	COc1cc(C=O)ccc1O	zzz
neg_A3	NCC(O)c1ccc(O)cc1	zzz
neg_B3	O=C(/C=C/c1ccc(O)c(O)c1)OC(Cc1ccc(O)c(O)c1)C(=O)O	zzz
neg_C3	COc1cc(C(=O)O)cc(OC)c1O	zzz
neg_D3	COC(=O)c1cc(OC)c(O)cc1	zzz
neg_E3	O=c1cc(-c2ccccc2)oc2c1cc(O)cc2	zzz
neg_F3	NC(=O)c1c(N)[nH]cn1	zzz
neg_G3	CC(CCC(=O)NCCS(=O)(=O)O)C1CCC2C3C(O)CC4CC(O)CCC4(C)C3CCC12C	zzz
neg_H3	CC(C)C(NC(=O)C(CC(=O)O)NC(=O)C(CCCCN)NC(=O)C(N)CCCNC(=N)N)C(=O)NC(Cc1ccc(O)cc1)C(=O)O	zzz
neg_A4	O=c1ccc2c(cc(O)cc2)o1	zzz
neg_B4	O=C(O)/C=C/c1ccccc1	zzz
neg_C4	O=C(O)c1ccc(O)cc1	zzz
neg_D4	O=C/C=C/c1ccccc1	zzz
neg_E4	C[N+]1(C)CCCC1C(=O)[O-]	zzz
neg_F4	O=C(O)CCC(=O)O	zzz
neg_G4	O=C(O)CCc1ccc(O)cc1	zzz
neg_H4	O=C(O)/C=C/CCCCCCCO	zzz
neg_A5	CC1=C(/C=C/C(C)=C/C=C/C(C)=C/C=C/C=C(C)/C=C/C=C(C)/C=C/C2=C(C)C(=O)C(O)CC2(C)C)C(C)(C)CC(O)C1=O	zzz
neg_B5	COc1c(O)cccc1	zzz
neg_C5	Oc1c(O)c(O)ccc1	zzz
neg_D5	O=C(O)C1(O)CC(O)C(O)C(O)C1	zzz
neg_E5	COc1ccc(-c2coc3c(ccc(OC)c3)c2=O)cc1	zzz
neg_F5	O=CC(NS(=O)(=O)O)C(O)C(O)C(O)CO	zzz
neg_G5	COc1c(OC)cc(CC(=O)O)cc1	zzz
neg_H5	O=c1cc(-c2ccccc2)oc2c1cccc2	zzz
neg_A6	CCCCCCCCCCCCCCCCCCOCC(O)CO	zzz
neg_B6	O=C(O)CCCCC1CCSS1	zzz
neg_C6	N=C(N)N	zzz
neg_D6	OCC(O)C(O)CO	zzz
neg_E6	CC(=O)NC(CCC(N)=O)C(=O)O	zzz
neg_F6	O=C(O)c1c(O)cccc1	zzz
neg_G6	O=C(O)CCCCCCCC(=O)O	zzz
neg_H6	O=C1OC(CO)C(O)C(O)C1O	zzz
neg_A7	O=C(O)/C=C/c1ccc(O)cc1	zzz
neg_B7	O=C(O)Cc1c[nH]c2c1cccc2	zzz
neg_C7	O=C(O)Cc1ccc(O)cc1	zzz
neg_D7	CC(C)=CCC/C(C)=C/CC/C(C)=C/CO	zzz
neg_E7	O=C(O)c1c(O)c(O)ccc1	zzz
neg_F7	O=C(O)/C=C/C(=O)O	zzz
neg_G7	O=C(O)CCCCCCCC(O)C(O)CCCCCCO	zzz
neg_H7	O=C1OC(C(O)CO)C([O-])=C1O	zzz
neg_A8	Cc1ncc(CSSCc2cnc(C)c(O)c2CO)c(CO)c1O	zzz
neg_B8	O=C(CO)C(O)C(O)C(O)CO	zzz
neg_C8	CCCCCCCCCCCCCCCCCCCCCC(=O)O	zzz
neg_D8	CCCCCCCC/C=C\CCCCCCCCCCCC(=O)O	zzz
neg_E8	O=C(CO)C(O)C(O)C(O)CO	zzz
neg_F8	CCCOC(=O)c1ccc(O)cc1	zzz
neg_G8	CC(=O)OCC(=O)C1(O)CCC2C3CCC4=CC(=O)CCC4(C)C3C(O)CC21C	zzz
neg_H8	CCCCCCCCCCCCCCCCCCCC(=O)O	zzz
neg_A9	NC(=O)Cc1c[nH]c2c1cccc2	zzz
neg_B9	CCCCC/C=C\C/C=C\C/C=C\CCCCC(=O)O	zzz
neg_C9	CC(CCC(=O)O)C1CCC2C3C(=O)CC4CC(=O)CCC4(C)C3CC(=O)C12C	zzz
neg_D9	CCCCC/C=C\C/C=C\CCCCCCCC(=O)O	zzz
neg_E9	CCCCCCCCCCCCCC(=O)OCC(O)CO	zzz
neg_F9	Cc1cn(C2CC(O)C(CO)O2)c(=O)nc1N	zzz
neg_G9	COc1cccc(C(=O)O)c1	zzz
neg_H9	C[N+](C)(C)[O-]	zzz
neg_A10	O=C(O)CCCCCCCCCCCC(=O)O	zzz
neg_B10	CCC(C(=O)O)c1ccccc1	zzz
neg_C10	O=C(O)Cc1c[nH]cn1	zzz
neg_D10	CC(C)C(O)C(=O)O	zzz
neg_E10	CCCCCCCCCCCCC(=O)O	zzz
neg_F10	OCC1OC(OC2C(CO)OC(OC3C(CO)OC(O)C(O)C3O)C(O)C2O)C(O)C(O)C1O	zzz
neg_G10	CCCCC/C=C\C/C=C\CCCCCCCC(=O)OCC(COC(=O)CCCCCCC/C=C\C/C=C\CCCCC)OC(=O)CCCCCCC/C=C\C/C=C\CCCCC	zzz
neg_H10	CC(CCC(=O)O)CC(=O)O	zzz
neg_A11	CCC(C)(O)C(=O)O	zzz
neg_B11	O=S(=O)([O-])CCO	zzz
neg_C11	CC(=O)CCC(=O)O	zzz
neg_D11	O=C(O)CCCCCCC(=O)O	zzz
neg_E11	O=C(O)C(O)C(O)C(=O)O	zzz
neg_F11	CC(C)=CC(=O)O	zzz
neg_G11	NOC=O	zzz
neg_H11	O=C(O)C(O)Cc1ccccc1	zzz
neg_A2	O=C(O)CO	zzz
neg_B2	COC(=O)Cc1c[nH]c2c1cccc2	zzz
neg_C2	O=C(O)c1cnc(O)cc1	zzz
neg_D2	O=C(O)CC(O)C(=O)O	zzz
neg_E2	O=C(O)c1c(O)cc(O)cc1	zzz
neg_F2	COc1ccccc1C(=O)O	zzz
neg_G2	Oc1c(O)cccc1	zzz
neg_H2	CC(C)(O)C(=O)O	zzz
neg_A3	CCc1ccc(O)cc1	zzz
neg_B3	CCCCCCCC(=O)OCC(COC(=O)CCCCCCC)OC(=O)CCCCCCC	zzz
neg_C3	O=CC(O)C(O)C(O)CO	zzz
neg_D3	NCCS	zzz
neg_E3	NC(=O)c1c(O)cccc1	zzz
neg_F3	O=C(O)CC(O)C(=O)O	zzz
neg_G3	CN1C(=O)CCC1c1cnccc1	zzz
neg_H3	OCC1OC(OCC2OC(OC3(CO)OC(CO)C(O)C3O)C(O)C(O)C2O)C(O)C(O)C1O	zzz
neg_A4	O=C(CO)C(OC1OC(CO)C(O)C(O)C1O)C(O)C(O)CO	zzz
neg_B4	CCCCCCCCCCC(=O)O	zzz
neg_C4	CC1CCC2(C(=O)O)CCC3(C)C(=CCC4C5(C)CC(O)C(O)C(C)(CO)C5C(O)CC43C)C2C1C	zzz
neg_D4	O=C(O)/C=C/c1ccc(O)cc1	zzz
neg_E4	O=C1CC(c2cc(O)c(O)cc2)Oc2c1c(O)cc(O)c2	zzz
neg_F4	CCC(c1ccccc1)c1c(O)c2ccccc2oc1=O	zzz
neg_G4	CC(C)CC(=O)O	zzz
neg_H4	CCCC(=O)OC1(C(=O)CO)CCC2C3CCC4=CC(=O)CCC4(C)C3C(O)CC21C	zzz
neg_A5	Oc1ccc(C2COc3c(ccc(O)c3)C2)cc1	zzz
neg_B5	NS(=O)(=O)c1cc2c(cc1Cl)NC(C1CC3C=CC1C3)NS2(=O)=O	zzz
neg_C5	COc1cc(C(O)C(=O)O)ccc1O	zzz
neg_D5	O=CC(O)C(O)C(OC1OC(CO)C(OC2OC(CO)C(OC3OC(CO)C(O)C(O)C3O)C(O)C2O)C(O)C1O)C(O)CO	zzz
neg_E5	COC1C(OC(C)=O)CC(=O)OC(C)C/C=C/C=C/C(O)C(C)CC(CC=O)C1OC1OC(C)C(OC2CC(C)(O)C(OC(=O)CC(C)C)C(C)O2)C(N(C)C)C1O	zzz
neg_F5	CN1CCN(CCCN2c3c(cccc3)Sc3c2cc(C(F)(F)F)cc3)CC1	zzz
neg_G5	Nc1cc(Cl)c(NC2=NCCN2)c(Cl)c1	zzz
neg_H5	CC(O)CC(=O)O	zzz
neg_A6	CCCCCCCCCCCCC/C=C/C(O)C(N)CO	zzz
neg_B6	CCCCCCCCCCCCCC(=O)OC(C)C	zzz
neg_C6	FCOC(C(F)(F)F)C(F)(F)F	zzz
neg_D6	NC(=O)c1ccc[n+](C2OC(CO)C(O)C2O)c1	zzz
neg_E6	CCCCCCCCCCCCCC(=O)O	zzz
neg_F6	COC1CC2CCC(C)C(O)(O2)C(=O)C(=O)N2CCCCC2C(=O)OC(C(C)CC2CCC(O)C(OC)C2)CC(=O)C(C)/C=C(\C)C(O)C(OC)C(=O)C(C)CC(C)/C=C/C=C/C=C/1C	zzz
neg_G6	CC(=O)OC12COC1CC(O)C1(C)C(=O)C(O)C3=C(C)C(OC(=O)C(O)C(NC(=O)OC(C)(C)C)c4ccccc4)CC(O)(C(OC(=O)c4ccccc4)C21)C3(C)C	zzz
neg_H6	O=c1[nH]cc(F)c(=O)[nH]1	zzz
neg_A7	CC1=C(O)C(=O)C=C2C1=CC=C1C2(C)CCC2(C)C3CC(C)(C(=O)O)CCC3(C)CCC12C	zzz
neg_B7	S=c1nc[nH]c2c1[nH]cn2	zzz
neg_C7	C=C1C(=O)OC2/C=C(\C)CC/C=C(\C)CCC12	zzz
neg_D7	CC1=NN(c2ccccc2)C(=O)C1	zzz
neg_E7	CC1C(=O)OC2C(O)C34C5CC(C(C)(C)C)C36C(OC(=O)C6O)OC4(C(=O)O5)C12O	zzz
neg_F7	C=C1/C(=C\C=C2/CCCC3(C)C2CCC3C(C)CCCC(C)(C)O)CC(O)CC1O	zzz
neg_G7	CC1C/C=C/C=C/C=C/C=C/C(OC2OC(C)C(O)C(N)C2O)CC2OC(O)(CC(O)CC3OC3/C=C/C(=O)O1)CC(O)C2C(=O)O	zzz
neg_H7	Nc1ccc(O)c(C(=O)O)c1	zzz
neg_A8	CC12C=CC(=O)C=C1CCC1C2C(O)CC2(C)C1CCC2(O)C(=O)CO	zzz
neg_B8	CN(C)C1C(O)=C(C(N)=O)C(=O)C2(O)C(=O)C3=C(O)c4c(cccc4O)C(C)(O)C3C(O)C12	zzz
neg_C8	Nc1nc(=S)c2c(nc[nH]2)[nH]1	zzz
neg_D8	COC(=O)Nc1nc2ccc([S+]([O-])c3ccccc3)cc2[nH]1	zzz
neg_E8	O=c1c(-c2ccc(O)cc2)coc2cc(O)ccc12	zzz
neg_F8	CCC(=O)OC1(C(=O)SCF)C(C)CC2C3CC(F)C4=CC(=O)C=CC4(C)C3(F)C(O)CC21C	zzz
neg_G8	CC1C(=O)OC2CC34C5CC(C(C)(C)C)C36C(OC(=O)C6O)OC4(C(=O)O5)C21O	zzz
neg_H8	O=C(OC1Cc2c(cc(O)cc2O)OC1c1cc(O)c(O)c(O)c1)c1cc(O)c(O)c(O)c1	zzz
neg_A9	O=c1ccc2cc(OC3OC(CO)C(O)C(O)C3O)c(O)cc2o1	zzz
neg_B9	O=C1c2c(C(=O)c3c1cc(CO)cc3O)c(O)ccc2	zzz
neg_C9	OCC1OC(Oc2ccc(O)cc2)C(O)C(O)C1O	zzz
neg_D9	CC(C)(C)C1(O)CC2OC(=O)CC23C(=O)OC2OC(=O)C(O)C231	zzz
neg_E9	O=C(/C=C/c1cc(O)c(O)cc1)OC1CC(O)(C(=O)O)CC(O)C1O	zzz
neg_F9	C=CC1CN2CCC1CC2C(O)c1ccnc2ccccc12	zzz
neg_G9	CC1CCC2C(C)C(O)OC3OC4(C)CCC1C32OO4	zzz
neg_H9	CC1(C(=O)O)CCC2(C)CCC3(C)C(=CC(=O)C4C5(C)CCC(OC6OC(C(=O)O)C(O)C(O)C6OC6OC(C(=O)O)C(O)C(O)C6O)C(C)(C)C5CCC43C)C2C1	zzz
neg_A10	CC(C)=CCCC(C)(OC1OC(COC2OCC(O)C(O)C2O)C(O)C(O)C1O)C1CCC2(C)C1C(O)CC1C3(C)CCC(OC4OC(CO)C(O)C(O)C4O)C(C)(C)C3CCC12C	zzz
neg_B10	COc1ccc(C2CC(=O)c3c(O)cc(OC4OC(COC5OC(C)C(O)C(O)C5O)C(O)C(O)C4O)cc3O2)cc1O	zzz
neg_C10	OCc1c[nH]c2c1cccc2	zzz
neg_D10	O=c1c(O)c(-c2ccc(O)cc2)oc2cc(O)cc(O)c12	zzz
neg_E10	CC1(C)OC2CC(=O)OCC23C1CC(=O)C1(C)C3CCC2(C)C(c3cocc3)OC(=O)C3OC321	zzz
neg_F10	O=c1c(O)c(-c2cc(O)c(O)c(O)c2)oc2cc(O)cc(O)c12	zzz
neg_G10	COc1c(OC)cc(-c2cc(=O)c3c(OC)c(OC)c(OC)c(OC)c3o2)cc1	zzz
neg_H10	O=C(CCc1ccc(O)cc1)c1c(O)cc(O)cc1O	zzz
neg_A11	O=C(/C=C/C=C/c1cc2c(cc1)OCO2)N1CCCCC1	zzz
neg_B11	CC1OC(OCC2OC(Oc3c(-c4cc(O)c(O)cc4)oc4c(c(O)cc(O)c4)c3=O)C(O)C(O)C2O)C(O)C(O)C1O	zzz
neg_C11	C=CC(C)(O)CCC1C(C)(O)CCC2C(C)(C)CCCC21C	zzz
neg_D11	O=C(O)C1=CC(O)C(O)C(O)C1	zzz
neg_E11	COc1cc(C2Oc3cc(C4Oc5cc(O)cc(O)c5C(=O)C4O)ccc3OC2CO)ccc1O	zzz
neg_F11	COc1ccc(-c2cc(=O)c3c(OC)c(OC)c(OC)c(OC)c3o2)cc1	zzz
neg_G11	CC1OC(OCC2OC(Oc3c(-c4cc(OCCO)c(OCCO)cc4)oc4cc(OCCO)cc(O)c4c3=O)C(O)C(O)C2O)C(O)C(O)C1O	zzz
neg_H11	CC1CC(C(=O)O)C2CCC3(C)C(=CCC4C5(C)CCC(O)C(C)(C)C5CCC43C)C2C1C	zzz
neg_A2	COc1cc(CCC(C)=O)ccc1O	zzz
neg_B2	COc1ccc(-c2cc(=O)c3c(O)cc(O)cc3o2)cc1O	zzz
neg_C2	O=C1CC(c2ccc(O)cc2)Oc2cc(O)cc(O)c12	zzz
neg_D2	Cc1cc2c(C(=O)c3c(O)cccc3C2=O)c(O)c1	zzz
neg_E2	COC(=O)C1=COC(O)C2C(CO)=CCC12	zzz
neg_F2	O=C(O)C1=COC(OC2OC(CO)C(O)C(O)C2O)C2C(CO)=CCC12	zzz
neg_G2	CC(C)(O)CCC(O)C(C)(O)C1CCC2(O)C3=CC(=O)C4CC(O)C(O)CC4(C)C3CCC12C	zzz
neg_H2	COC(=O)Nc1nc2c(cc(Sc3ccccc3)cc2)[nH]1	zzz
neg_A3	COc1c(C)c2c(C(=O)OC2)c(O)c1C/C=C(\C)CCC(=O)O	zzz
neg_B3	CCCCCCCCCCCCCCCC(=O)OCC(O)C1OC(=O)C(O)=C1O	zzz
neg_C3	COC(=O)/C=C/C(=O)OC	zzz
neg_D3	CNc1ncnc2c1ncn2C1OC(CO)C(O)C1O	zzz
neg_E3	C=C(C)C1CCC2(C(=O)O)CCC3(C)C(CCC4C5(C)CCC(O)C(C)(C)C5CCC43C)C12	zzz
neg_F3	CC1(C)C2CCC1(C)C(O)C2	zzz
neg_G3	CC1CCC2(C(=O)OC3OC(COC4OC(CO)C(OC5OC(C)C(O)C(O)C5O)C(O)C4O)C(O)C(O)C3O)CCC3(C)C(=CCC4C5(C)CC(O)C(O)C(C)(CO)C5CCC43C)C2C1C	zzz
neg_H3	COC(=O)Nc1nc2c(cccc2)[nH]1	zzz
neg_A4	OCCc1ccc(O)cc1	zzz
neg_B4	CC1C(=O)OC2C(O)C34C5OC(=O)C3(OC3OC(=O)C(O)C34C(C(C)(C)C)C5O)C12O	zzz
neg_C4	CC1(C)OC(=O)C=CC2(C)C1CC(=O)C1(C)C2CCC2(C)C(c3cocc3)OC(=O)C3OC321	zzz
neg_D4	CC(C)=CCCC(C)(OC1OC(CO)C(O)C(O)C1O)C1CCC2(C)C1C(O)CC1C3(C)CCC(O)C(C)(C)C3C(OC3OC(CO)C(O)C(O)C3OC3OCC(O)C(O)C3O)CC12C	zzz
neg_E4	Cc1ccc(C(C)C)cc1O	zzz
neg_F4	C/C=C(\C)C(=O)O	zzz
neg_G4	CC=C1C(=O)CC2C3CCC4=CC(=O)CCC4(C)C3CCC12C	zzz
neg_H4	C=C1CC23CCC4C(C)(C(=O)OC5OC(CO)C(O)C(O)C5O)CCCC4(C)C2CCC1(OC1OC(CO)C(O)C(OC2OC(CO)C(O)C(O)C2O)C1OC1OC(CO)C(O)C(O)C1O)C3	zzz
neg_A5	C/C=C(/C)C(=O)O	zzz
neg_B5	C=C1CC23CCC4C(C)(C(=O)OC5OC(CO)C(O)C(O)C5O)CCCC4(C)C2CCC1(OC1OC(CO)C(O)C(O)C1OC1OC(CO)C(O)C(O)C1O)C3	zzz
neg_C5	CC(C)=CCCC(C)(OC1OC(CO)C(O)C(O)C1O)C1CCC2(C)C1C(O)CC1C3(C)CCC(O)C(C)(C)C3C(OC3OC(CO)C(O)C(O)C3OC3OC(C)C(O)C(O)C3O)CC12C	zzz
neg_D5	COc1cc2c(cc1OC1OC(CO)C(O)C(O)C1O)occ(-c1ccc(O)cc1)c2=O	zzz
neg_E5	OCCc1ccc(O)c(O)c1	zzz
neg_F5	C=C1C(=O)OC2CC3(C)CCCC(=C)C3CC12	zzz
neg_G5	CC(CCC1(O)OC2CC3C4CC=C5CC(OC6OC(CO)C(OC7OC(C)C(O)C(O)C7O)C(O)C6OC6OC(C)C(O)C(O)C6O)CCC5(C)C4CCC3(C)C2C1C)COC1OC(CO)C(O)C(O)C1O	zzz
neg_H5	O=c1cc(-c2ccc(O)c(-c3c(O)cc(O)c4c3oc(-c3ccc(O)cc3)cc4=O)c2)oc2c1c(O)cc(O)c2	zzz
neg_A6	CC1CCC2(C(=O)OC3OC(COC4OC(CO)C(OC5OC(C)C(O)C(O)C5O)C(O)C4O)C(O)C(O)C3O)CCC3(C)C(=CCC4C5(C)CC(O)C(O)C(C)(CO)C5C(O)CC43C)C2C1C	zzz
neg_B6	COc1ccc(-c2cc(=O)c3c(cc(O)c(OC)c3O)o2)cc1OC	zzz
neg_C6	CC1(C)CCCC(C)(C2CCC3(C)C2C(O)CC2C4(C)CCC(O)C(C)(C)C4C(O)CC23C)O1	zzz
neg_D6	C=C(C)C1CC=C(CO)CC1	zzz
neg_E6	OCc1ccc(O)cc1	zzz
neg_F6	COc1cc(CO)ccc1O	zzz
neg_G6	COc1cc2c(cc1)c1ccnc(C)c1[nH]2	zzz
neg_H6	CC(C)C(C)C(O)C(O)C(C)C1CCC2C3COC(=O)C4CC(O)C(O)CC4(C)C3CCC12C	zzz
neg_A7	CN1CCc2c(cc3OCOc3c2)C(=O)Cc2c(C1)c1c(cc2)OCO1	zzz
neg_B7	COc1c(O)ccc(CC2C(=O)OCC2Cc2ccc(OC)c(OC)c2)c1	zzz
neg_C7	CC1CCC2(C(=O)O)CCC3(C)C(=CCC4C5(C)CCC(=O)C(C)(C)C5CCC43C)C2C1C	zzz
neg_D7	COc1c(O)ccc(CCC(=O)CC(=O)CCc2ccc(O)c(OC)c2)c1	zzz
neg_E7	COc1ccc(-c2cc(=O)c3c(cc(OC)cc3O)o2)cc1	zzz
neg_F7	CC(C)=CCCC(C)(OC1OC(CO)C(O)C(O)C1O)C1CCC2(C)C1C(O)CC1C3(C)CCC(O)C(C)(C)C3C(OC3OC(CO)C(O)C(O)C3O)CC12C	zzz
neg_G7	CC(C)=CCCC(C)(OC1OC(COC2OC(CO)C(O)C(O)C2O)C(O)C(O)C1O)C1CCC2(C)C1C(O)CC1C3(C)CCC(OC4OC(CO)C(O)C(O)C4OC4OC(CO)C(O)C(O)C4O)C(C)(C)C3CCC12C	zzz
neg_H7	O=C1CC(c2ccc(O)cc2)Oc2cc(O)ccc12	zzz
neg_A8	O=C1CC(c2ccc(OC3OC(CO)C(O)C(O)C3O)cc2)Oc2c1ccc(O)c2	zzz
neg_B8	CC(C)=CCCC(C)(OC1OC(CO)C(O)C(O)C1O)C1CCC2(C)C1C(O)CC1C3(C)CCC(OC4OC(CO)C(O)C(O)C4OC4OC(CO)C(O)C(O)C4O)C(C)(C)C3CCC12C	zzz
neg_C8	CCCCCCCCC(=O)NCc1cc(OC)c(O)cc1	zzz
neg_D8	O=C1CC(c2ccccc2)Oc2c1c(O)cc(O)c2	zzz
neg_E8	CC1CC(=O)CC2CCC3C4CCC(O)C4(C)CCC3C12C	zzz
neg_F8	O=C(O)CCc1ccc(O)cc1O	zzz
neg_G8	CC1(C)C2CCC1(C)C(O)C2	zzz
neg_H8	COc1c(OC(C)=O)ccc(C=O)c1	zzz
neg_A9	CC1(C)C2CCC1(C)C(O)C2	zzz
neg_B9	C=C1CCC2OC2(C)CCC2C1CC2(C)C	zzz
neg_C9	COC(=O)c1ccc(O)cc1	zzz
neg_D9	CC1=CC(=O)CC(C)(C)C1=O	zzz
neg_E9	Cc1c2ccc(C)c-2cc(C(C)C)cc1	zzz
neg_F9	Clc1cc2c(cc1)C(=C1CCNCC1)c1c(cccn1)CC2	zzz
neg_G9	O=S(=O)(O)NC1CCCCC1	zzz
neg_H9	Cc1c(-c2ccc(S(N)(=O)=O)cc2)c(-c2ccccc2)no1	zzz
neg_A10	COc1ccc(O)cc1	zzz
neg_B10	CC(=O)OC/C=C(C)/C=C/C=C(C)/C=C/C1=C(C)CCCC1(C)C	zzz
neg_C10	Cc1c(C(N)=O)cc([N+](=O)[O-])cc1[N+](=O)[O-]	zzz
neg_D10	Nc1nc(NC2CC2)nc(N)n1	zzz
neg_E10	OCC1OC(OC2(CCl)OC(CCl)C(O)C2O)C(O)C(O)C1Cl	zzz
neg_F10	COC(=O)N/N=C/c1[n+]([O-])c2c(cccc2)[n+]([O-])c1	zzz
neg_G10	CC12CCC(O)CC1CCC1C2CC(O)C2(C)C(C3=CC(=O)OC3)CCC12O	zzz
neg_A11	CCOC(=O)c1ccc(O)cc1	zzz
neg_B11	CCOC(N)=O	zzz
neg_C11	CCOc1c(O)ccc(C=O)c1	zzz
neg_D11	CCCCCCc1c(O)cc(O)cc1	zzz
neg_E11	Oc1cc(O)ccc1	zzz
neg_F11	CC(=O)OCC(COC(C)=O)OC(C)=O	zzz
neg_G11	CCCCOC(=O)c1ccc(O)cc1	zzz
neg_H11	O=C(O)c1cc(O)c(O)c(O)c1	zzz
neg_A2	C#CC1(O)CCC2C3CCC4=CC(=O)CCC4C3C(=C)CC21CC	zzz
neg_B2	O=c1ccc2c(cc(O)c(O)c2)o1	zzz
neg_C2	CC1CCC(C(C)C)C(O)C1	zzz
neg_D2	NC(=O)c1ccccc1	zzz
neg_E2	Oc1cc2c(CC(O)C(c3cc(O)c(O)cc3)O2)c(O)c1	zzz
neg_F2	Oc1cc2c(CC(O)C(c3cc(O)c(O)cc3)O2)c(O)c1	zzz
neg_G2	C=C1CC23CCC4C(C)(C(=O)OC5OC(CO)C(O)C(O)C5O)CCCC4(C)C2CCC1(OC1OC(CO)C(O)C(OC2OC(CO)C(O)C(O)C2OC2OC(C)C(O)C(O)C2O)C1O)C3	zzz
neg_H2	CC(CC(=O)CC(C)C1CC(O)C2(C)C3=C(C(=O)CC12C)C1(C)CCC(=O)C(C)(C)C1CC3O)C(=O)O	zzz
neg_A3	C=C(C)C1CCC2(CO)CCC3(C)C(CCC4C5(C)CCC(O)C(C)(C)C5CCC43C)C12	zzz
neg_B3	CC12CCC3C(CCC4CC(=O)CCC43C)C1CCC2O	zzz
neg_C3	CC1=CC(=O)C(C(C)C)=CC1=O	zzz
neg_D3	O=C(/C=C/c1ccc(O)cc1)c1ccccc1	zzz
neg_E3	OCC1OC(OC2C(O)C(CO)OC2(CO)OC2OC(CO)C(O)C(O)C2O)C(O)C(O)C1O	zzz
neg_F3	C=C1CC23CC1(O)CCC2C12C=CC(O)C(C)(C(=O)O1)C2C3C(=O)O	zzz
neg_G3	C/C=C/c1c(OC)cc(OC)c(OC)c1	zzz
neg_H3	COc1cc2c(cc1)c1c([nH]2)C(C)=NCC1	zzz
neg_A4	COc1cc(O)c(C(C)=O)c(OC)c1	zzz
neg_B4	CC(=O)c1c(O)cc(O)cc1O	zzz
neg_C4	CC(=O)OC1(C)CCC23CC1C(C)(C)C2CCC3C	zzz
neg_D4	Cc1cc2c(cc1)oc(=O)cc2	zzz
neg_E4	O=C1NS(=O)(=O)c2c1cccc2	zzz
neg_F4	CC1(C)CC(=O)CC(C)(C)N1	zzz
neg_G4	CC(C)=CCC/C(C)=C/CC/C(C)=C/CC/C=C(\C)CC/C=C(\C)CCC=C(C)C	zzz
neg_H4	O=C(O)c1ccco1	zzz
neg_A5	C/C(=C\CNc1ncnc2c1nc[nH]2)CO	zzz
neg_B5	CCc1c2Cn3c(cc4c(COC(=O)C4(O)CC)c3=O)-c2nc2c1cc(O)cc2	zzz
neg_C5	Cc1c(O)c(=O)cco1	zzz
neg_D5	C=CC(C)(O)CCC=C(C)C	zzz
neg_E5	CC/C=C\CC1=C(C)CCC1=O	zzz
neg_F5	CC(C)=CCC/C(C)=C\CO	zzz
neg_G5	C/C=C/C=C/C(=O)O	zzz
neg_H5	CC(C)(C)c1c(O)ccc(O)c1	zzz
neg_A6	CC(=O)OC1CC(=O)OC(C)(C)C2CC(=O)C3(C)C(CCC4(C)C(c5cocc5)OC(=O)C5OC543)C12C	zzz
neg_B6	C=CCOC(Cn1ccnc1)c1ccc(Cl)cc1Cl	zzz
neg_C6	COc1ccc(C=O)cc1	zzz
neg_D6	CC(C)c1ccc(C=O)cc1	zzz
neg_E6	CC(C)c1ccc(CO)cc1	zzz
neg_F6	CC(=O)OC/C=C(\C)CCC=C(C)C	zzz
neg_G6	CCC1OC(=O)CC(O)C(C)C(OC2OC(C)C(OC3CC(C)(O)C(O)C(C)O3)C(N(C)C)C2O)C(CC=O)CC(C)C(=O)/C=C/C(C)=C/C1COC1OC(C)C(O)C(OC)C1OC	zzz
neg_H6	O=C(/C=C/c1ccc(O)cc1)C1=C(O)C(O)(C2OC(CO)C(O)C(O)C2O)C(=O)/C(=C\C2=C(O)C(O)(C3OC(CO)C(O)C(O)C3O)C(O)=C(C(=O)/C=C/c3ccc(O)cc3)C2=O)C1=O	zzz
neg_A7	CCCCCC1C(=O)CCC1CC(=O)OC	zzz
neg_B7	OCC1OC(OC2C(O)C(CO)OC2(CO)OC2OC(CO)C(O)C(O)C2O)C(O)C(O)C1O	zzz
neg_C7	COc1cc2c(cc1)ccc(=O)o2	zzz
neg_D7	CC1(C)CCCC2(C)C1CCC1(C)OCCC12	zzz
neg_E7	CC12CCC(=O)C=C1C=CC1C2CCC2(C)C1CCC21CCC(=O)O1	zzz
neg_F7	O=c1oc2cc(O)ccc2c2ccc(O)cc12	zzz
neg_G7	CCCCCC1=C(C)CCC1=O	zzz
neg_H7	COc1c(O)ccc(C(=O)O)c1	zzz
neg_A8	C=CC(C)(O)CC/C=C(\C)CCC=C(C)C	zzz
neg_B8	CCCCCCCC/C=C\CCCCCCCC(=O)OCC	zzz
neg_C8	CCCCCCCCCC=O	zzz
neg_D8	CC12CCC(C1)C(C)(C)C2O	zzz
neg_E8	CC(C)C12CCC(C)(CC1)O2	zzz
neg_F8	OCC1=CC(O)C2C=COC(OC3OC(CO)C(O)C(O)C3O)C12	zzz
neg_G8	O=C(O)C1=COC(OC2OC(CO)C(O)C(O)C2O)C2C1C=CC2(O)CO	zzz
neg_H8	Nc1ccc(O)cc1	zzz
neg_A9	O=C1C=CC(=O)c2c1cccc2O	zzz
neg_B9	O=c1c(O)c(-c2ccccc2)oc2c1c(O)cc(O)c2	zzz
neg_C9	CC(C)=CCC/C(C)=C/CO	zzz
neg_D9	CCCCCCCC(=O)CCc1ccc(O)c(OC)c1	zzz
neg_E9	CC(=O)OCc1ccccc1	zzz
neg_F9	CC(=O)OC/C=C/c1ccccc1	zzz
neg_G9	CC(C)=CCCC(C)CC=O	zzz
neg_H9	O=C(O)/C=C/c1cc(O)ccc1	zzz
neg_A10	CC1=CCC2C(C1)C2(C)C	zzz
neg_B10	CC1=CCC2CC1C2(C)C	zzz
neg_C10	COC(=O)c1ccco1	zzz
neg_D10	CCN(CC)c1cc2c(cc1)c(-c1c(C(=O)O)cccc1)c1ccc(=[N+](CC)CC)cc-1o2	zzz
neg_E10	CC(O)c1ccc(S(=O)(=O)NC(=O)NC2CCCCC2)cc1	zzz
neg_F10	C=CCc1cc(OC)c(OC)cc1	zzz
neg_G10	CCCCCCCCCCCCCCCCCC(=O)OC	zzz
neg_H10	CCCCC/C=C\C/C=C\CCCCCCCC(=O)OC	zzz
neg_A11	OC/C=C/c1ccccc1	zzz
neg_B11	CCCCOC(=O)c1c(C(=O)O)cccc1	zzz
neg_C11	CC(=O)OCCC(C)CCC=C(C)C	zzz
neg_D11	OCCCc1ccc(O)cc1	zzz
neg_E11	CC1=C(/C=C/C(C)=C/C=C/C(C)=C/C=C/C=C(C)/C=C/C=C(\C)C=O)C(C)(C)CCC1	zzz
neg_F11	COc1ccc(C(=O)/C=C/c2ccccc2)cc1	zzz
neg_G11	C/C1=C\CC(C)(C)/C=C/C(=O)/C(C)=C/CC1	zzz
neg_H11	O=C(O)CC1CCCCC1	zzz
neg_A2	CCOC(=O)CC(C)=O	zzz
neg_B2	CCCCC(C)CCC(=O)O	zzz
neg_C2	COC(=O)Cc1ccc(C(C)(C)C)cc1	zzz
neg_D2	CCCCC(CC)CCC(=O)O	zzz
neg_E2	CCCCOC(=O)CCCCCCCCC(=O)OCCCC	zzz
neg_F2	N#CCc1c[nH]c2c1cccc2	zzz
neg_G2	C=C(C)C1CC=C(C)C(=O)C1	zzz
neg_H2	C=C1CC/C=C(\C)CCC2C1CC2(C)C	zzz
neg_A3	CC/C=C\CCO	zzz
neg_B3	CCCCC(C)C(=O)O	zzz
neg_C3	CCC(C)CC(=O)O	zzz
neg_D3	CCCCCC(C)C(=O)O	zzz
neg_E3	c1coc(Cn2cccc2)c1	zzz
neg_F3	CC1=CCC(O)(C(C)C)CC1	zzz
neg_G3	CCC(O)C(=O)O	zzz
neg_H3	O=C(O)CC(Cc1ccccc1)C(=O)O	zzz
neg_A4	O=C(O)/C=C/CCCCCCCCC(=O)O	zzz
neg_B4	CC(C)=CCCC(C)CC=O	zzz
neg_C4	NC(=O)CCCCC1CCSS1	zzz
neg_D4	C=CCSC	zzz
neg_E4	CCOC(=O)CC(=O)OCC	zzz
neg_F4	C=CCCCCCCCCCO	zzz
neg_G4	C=CC(N)=O	zzz
neg_H4	O=C(O)c1cc2c(cccc2)[nH]1	zzz
neg_A5	COC(=O)c1cccnc1	zzz
neg_B5	C1CCNC1	zzz
neg_C5	CC(=O)c1nccnc1	zzz
neg_D5	CCCC(=O)OCC(COC(=O)CCC)OC(=O)CCC	zzz
neg_E5	CCC1CCC(=O)O1	zzz
neg_F5	C=CCCC(=O)O	zzz
neg_G5	C=C1CCC2CC1C2(C)C	zzz
neg_H5	O=C(O)CC(CC(=O)O)C(=O)O	zzz
neg_A6	CC1=CC(=O)C(C)O1	zzz
neg_B6	COC(=O)C1CCCCC1	zzz
neg_C6	CCC/C=C/C=O	zzz
neg_D6	CC(S)C(=O)O	zzz
neg_E6	COc1cccc(OC)c1C(=O)O	zzz
neg_F6	CCCC(C)C=O	zzz
neg_G6	Cc1cccc(O)c1	zzz
neg_H6	CCc1c(O)c(=O)cco1	zzz
neg_A7	O=C(O)CCc1cc(O)c(O)cc1	zzz
neg_B7	COc1cc(/C=C/CO)ccc1O	zzz
neg_C7	C/C=C/C(=O)C1=C(C)C=CCC1(C)C	zzz
neg_D7	CC1(C(=O)O)CCC2(C)CCC3(C)C(=CC(=O)C4C5(C)CCC(O)C(C)(C)C5CCC43C)C2C1	zzz
neg_E7	CCC/C=C1\OC(=O)c2c1cccc2	zzz
neg_F7	COc1cc(/C=C/C(=O)N2CCC=CC2=O)cc(OC)c1OC	zzz
neg_G7	CCCCCCCCCCCCCCCc1cccc(O)c1C(=O)O	zzz
neg_H7	CC1=CC(=O)CC(C)(C)C1(O)/C=C/C(C)=C\C(=O)O	zzz
neg_A8	CCC(=C(c1ccc(O)cc1)c1ccc(OCCN(C)C)cc1)c1ccccc1	zzz
neg_B8	C=CC(C)(C)c1cc(/C=C/C(=O)c2ccc(O)cc2)c(OC)cc1O	zzz
neg_C8	O=C(CC1NCCCC1O)Cn1cnc2cc(Br)c(Cl)cc2c1=O	zzz
neg_D8	CC(=O)OC(C)(C)/C=C/C(=O)C(C)(O)C1C(O)CC2(C)C3CC=C4C(CC(O)C(=O)C4(C)C)C3(C)C(=O)CC12C	zzz
neg_E8	C=C1C(=O)OC2CC3(C)CCCC(C)C3=CC12	zzz
neg_F8	CC(O)C(O)C(O)C(O)C=O	zzz
neg_G8	C=C(C)C1CC=C(/C=N/O)CC1	zzz
neg_H8	CC(C)=CCCC(C)(O)C1CCC2(C)C1C(O)CC1C3(C)CCC(OC4OC(CO)C(O)C(O)C4OC4OC(CO)C(O)C(O)C4O)C(C)(C)C3CCC12C	zzz
neg_A9	CC(C)=CCCC(C)(O)C1CCC2(C)C1C(O)CC1C3(C)CCC(OC4OC(CO)C(O)C(O)C4O)C(C)(C)C3CCC12C	zzz
neg_B9	C[n+]1cc2c3OCOc3ccc2c2c1c1cc3c(cc1cc2)OCO3	zzz
neg_C9	O=C(/C=C/c1ccc(O)c(O)c1)OC1CC(O)(C(=O)O)CC(O)C1OC(=O)/C=C/c1ccc(O)c(O)c1	zzz
neg_D9	CC1(C)CCC2(C(=O)O)CCC3(C)C(=CCC4C5(C)CC(O)C(O)C(C)(C)C5CCC43C)C2C1	zzz
neg_E9	O=C(/C=C/c1ccc(O)cc1)C1=C(O)C(O)(C2OC(CO)C(O)C(O)C2O)C(O)=C(C2OC(CO)C(O)C(O)C2O)C1=O	zzz
neg_F9	C=C(C)C1CCC2=CC(=O)CC(C)C2(C)C1	zzz
neg_G9	Cc1cc(O)c(C(=O)CCC(C)C)c(=O)o1	zzz
neg_H9	O=c1cc(-c2cc(O)c(O)cc2)oc2c1c(O)cc(O)c2C1OC(CO)C(O)C(O)C1O	zzz
neg_A10	OCC1OC(OC2(COC3(CO)OC(CO)C(O)C3O)OC(CO)C(O)C2O)C(O)C(O)C1O	zzz
neg_B10	COc1c(O)c2c(cc1O)occ(-c1ccc(O)cc1)c2=O	zzz
neg_C10	CC(C)=CCCC(C)(O)C1CCC2(C)C1C(O)CC1C3(C)CCC(O)C(C)(C)C3C(OC3OC(CO)C(O)C(O)C3O)CC12C	zzz
neg_D10	CC(C)=C1CCC(C)CC1=O	zzz
neg_E10	COc1ccc(/C=C/c2cc(O)cc(O)c2)cc1O	zzz
neg_F10	C/C1=C\CCC(C)C(=O)CC(C(C)C)C(=O)C1	zzz
neg_G10	O=c1ccc2cc3c(occ3)c(O)c2o1	zzz
neg_H10	C=C1CC23CCC4C(C)(C(=O)O)CCCC4(C)C2CCC1(OC1OC(CO)C(O)C(O)C1OC1OC(CO)C(O)C(O)C1O)C3	zzz
neg_A11	C=C(C)C1CCC2(C)CCC(=O)C(C)=C2C1	zzz
neg_B11	COc1c(O)c2c(cc1)CC1c3c-2c(OC)c(OC)cc3CCN1C	zzz
neg_C11	O=C(/C=C/c1ccc(O)c(O)c1)OC1CC(O)(C(=O)O)CC(O)C1OC(=O)/C=C/c1ccc(O)c(O)c1	zzz
neg_D11	O=C(/C=C/c1ccc(O)c(O)c1)OC1CC(O)(C(=O)O)CC(OC(=O)/C=C/c2cc(O)c(O)cc2)C1O	zzz
neg_E11	CC(C)=CCCC(C)(OC1OC(CO)C(O)C(O)C1O)C1CCC2(C)C1C(O)CC1C3(C)CCC(O)C(C)(C)C3C(O)CC12C	zzz
neg_F11	O=C(/C=C/c1ccc(O)c(O)c1)OC1C(O)CC(O)(C(=O)O)CC1O	zzz
neg_G11	O=C(/C=C/C=C/c1ccccc1)CCc1ccccc1	zzz
neg_H11	C=C(C)C1CC=C(C)CC1	zzz
neg_A2	COC1C(O)C(O)C(O)C(O)C1O	zzz
neg_B2	OCC1OC(OC2OC(CO)C(O)C(O)C2O)C(O)C(O)C1O	zzz
neg_C2	CCOC(=O)/C=C/c1ccc(OC)cc1	zzz
neg_D2	O=C(O)C(=O)O	zzz
neg_E2	O=C(O)Cc1c2ccccc2ccc1	zzz
neg_F2	CC(=O)c1c(O)ccc(O)c1	zzz
neg_G2	CC(=O)c1ccccc1O	zzz
neg_H2	CC(C)=CCCC(C(=O)O)C1CCC2(C)C3=C(CCC12C)C1(C)CCC(=O)C(C)(C)C1CC3	zzz
neg_A3	CC12CC(c3cocc3)OC13CC(OC3=O)C1C3CC(CC12)OC3=O	zzz
neg_B3	O=c1ccc2c(cc3occc3c2O)o1	zzz
neg_C3	COC1=CC(=O)OC(CCc2ccccc2)C1	zzz
neg_D3	C=CCCCCCCCCC(=O)O	zzz
neg_E3	CCCCCCCCCC(C)O	zzz
neg_F3	CC1CCC2(C(=O)O)CCC3(C)C(=CCC4C5(C)CCC(O)C(C)(C)C5CCC43C)C2C1(C)O	zzz
neg_G3	CC12CCC(C1)C(C)(C)C2=O	zzz
neg_H3	CC(=O)OC1CCC2(C)C(CCC3(C)C2C(=O)C=C2C4C(C)C(C)CCC4(C)CCC23C)C1(C)C(=O)O	zzz
neg_A4	COc1c(O)ccc(CNC(=O)CCCCCCC(C)C)c1	zzz
neg_B4	O=c1c(O)c(-c2c(O)cc(O)cc2)oc2c1c(O)cc(O)c2	zzz
neg_C4	COc1c(O)ccc(-c2c(O)c(=O)c3c(cc(O)cc3O)o2)c1	zzz
neg_D4	COc1c(O)cc(-c2c(OC)c(=O)c3c(cc(OC)c(OC)c3O)o2)cc1	zzz
neg_E4	CC(C)=CCCC(C)(OC1OC(CO)C(O)C(O)C1O)C1CCC2(C)C1C(O)CC1C3(C)CCC(OC4OC(CO)C(O)C(O)C4O)C(C)(C)C3CCC12C	zzz
neg_F4	CC(C)=CCCC(C)(O)C1CCC2(C)C1C(O)CC1C3(C)CCC(O)C(C)(C)C3C(OC3OC(CO)C(O)C(O)C3OC3OC(C)C(O)C(O)C3O)CC12C	zzz
neg_G4	COc1ccc(C2CC(=O)c3c(cc(OC4OC(COC5OC(C)C(O)C(O)C5O)C(O)C(O)C4O)cc3O)O2)cc1	zzz
neg_H4	Nc1cnc(NC(=O)c2ccc(C(F)(F)F)cc2)cc1	zzz
neg_A5	OCC(O)CO	zzz
neg_B5	COc1c(OC)cc(C=O)cc1	zzz
neg_C5	C[n+]1cc(C(=O)[O-])ccc1	zzz
neg_D5	C=C1CC23CCC4C(C)(C(=O)O)CCCC4(C)C2CCC1(OC1OC(CO)C(O)C(OC2OC(CO)C(O)C(O)C2O)C1OC1OC(CO)C(O)C(O)C1O)C3	zzz
neg_E5	C=C1CC23CCC4C(C)(C(=O)OC5OC(CO)C(O)C(O)C5OC5OC(CO)C(O)C(O)C5O)CCCC4(C)C2CCC1(OC1OC(CO)C(O)C(OC2OC(CO)C(O)C(O)C2O)C1OC1OC(CO)C(O)C(O)C1O)C3	zzz
neg_F5	C=C1CC23CCC4C(C)(C(=O)O)CCCC4(C)C2CCC1(O)C3	zzz
neg_G5	COc1ccc(CC2COC(=O)C2(O)Cc2cc(OC)c(OC3OC(CO)C(O)C(O)C3O)cc2)cc1OC	zzz
neg_H5	CC1=CC2C3C4C(=C(C)C3C13C1OC(=O)C(C)C1CCC(C)(O)C23)C1OC(=O)C(C)C1CCC4(C)O	zzz
neg_A6	O=C(/C=C/c1ccc(O)c(O)c1)OC1CC(OC(=O)/C=C/c2ccc(O)c(O)c2)(C(=O)O)CC(O)C1O	zzz
neg_B6	CC1=C2CC3CCC(C)C2(CC1=O)C3(C)C	zzz
neg_C6	CC1(C)CCC2(C(=O)O)CCC3(C)C(=CCC4C5(C)CC(O)C(O)C(C)(C(=O)O)C5CCC43C)C2C1	zzz
neg_D6	COc1c(-c2ccccc2)oc2c(c(O)cc(O)c2)c1=O	zzz
neg_E6	O=C(/C=C/c1cc(O)c(O)cc1)OC(C(=O)O)C(O)C(=O)O	zzz
neg_F6	Cn1c(=O)[nH]c(=O)c2c1nc[nH]2	zzz
neg_G6	COC(=O)/C=C/C(=O)O	zzz
neg_H6	CCCCCCCCCC(=O)O	zzz
neg_A7	COc1c(O)cc(CCC(=O)c2c(O)cc(OC3OC(CO)C(O)C(O)C3OC3OC(C)C(O)C(O)C3O)cc2O)cc1	zzz
neg_B7	COc1cc(O)cc(C2CC(=O)c3c(O)cc(OC4OC(CO)C(O)C(O)C4OC4OC(C)C(O)C(O)C4O)cc3O2)c1	zzz
neg_C7	OCC(O)C(O)C(O)C(O)CO	zzz
neg_D7	COc1cc(OC)c(OC)cc1C=O	zzz
neg_E7	C/C=C/c1ccc(OC)cc1	zzz
neg_F7	O=CC(O)C(O)C(OC1OC(CO)C(O)C(O)C1O)C(O)CO	zzz
neg_G7	CCCCCCCCCCCCCCCC(=O)OCC	zzz
neg_H7	COc1ccc(-c2cc(=O)c3c(cc(OC)cc3OC)o2)cc1	zzz
neg_A8	O=c1oc2c(ccc(O)c2)c2ccccc12	zzz
neg_B8	Nc1ncnc2c1nc[nH]2	zzz
neg_C8	CC(=O)NCCc1c[nH]c2c1cc(O)cc2	zzz
neg_D8	CC(C)CC(=O)C(=O)O	zzz
neg_E8	CC(=O)NC(CC(N)=O)C(=O)O	zzz
neg_F8	O=C(O)/C(O)=C(\O)C(=O)O	zzz
neg_G8	CC1=CC(=O)CC(C)(C)C1	zzz
neg_H8	CCCCCCCCOC(C)=O	zzz
neg_A9	O=C(O)CC(=O)O	zzz
neg_B9	O=C(O)/C=C\C(=O)O	zzz
neg_C9	CSCCC(NC(C)=O)C(=O)O	zzz
neg_D9	CC/C=C/CC1C(=O)CCC1CC(=O)OC	zzz
neg_E9	O=C(O)CCCCCCCCCCCO	zzz
neg_F9	O=C(O)/C=C(\CC(=O)O)C(=O)O	zzz
neg_G9	COC(=O)CC(C)=O	zzz
neg_H9	O=CC(=O)O	zzz
neg_A10	c1c[nH]nc1	zzz
neg_B10	CC(=O)NC(C)C(=O)O	zzz
neg_C10	C=C(CC(=O)O)C(=O)O	zzz
neg_D10	Cc1cc2c(cc1C)[nH]cn2	zzz
neg_E10	CC(=O)NCC(=O)O	zzz
neg_F10	O=C1CCCCO1	zzz
neg_G10	O=CCC(O)C(O)CO	zzz
neg_H10	O=C1CCC(C(=O)O)N1	zzz
neg_A11	Cc1ncc(C)nc1	zzz
neg_B11	CC(=O)NC(CC(C)C)C(=O)O	zzz
neg_C11	Cc1ncc(CO)c(C=O)c1O	zzz
neg_D11	CC(C)=CCO	zzz
neg_E11	O=CNCC(=O)O	zzz
neg_F11	CCC(O)C(=O)O	zzz
neg_G11	O=C(O)c1c[nH]c(=O)[nH]c1=O	zzz
neg_H11	CC(=O)NC(C=O)C(O)C(O)C(O)CO	zzz
neg_A2	O=C(O)C(O)C(O)C(=O)O	zzz
neg_B2	NCC(O)c1ccccc1	zzz
neg_C2	CC(=O)C(=O)O	zzz
neg_D2	O=C(O)CCCCCC(=O)O	zzz
neg_E2	O=C(O)CCCC(=O)O	zzz
neg_F2	C/C(=C/C(=O)O)C(=O)O	zzz
neg_G2	Nc1c2ncn(C3CC(O)C(COP(=O)(O)O)O3)c2ncn1	zzz
neg_H2	Nc1nc(=O)n(C2CC(O)C(COP(=O)(O)O)O2)cc1	zzz
neg_A3	O=CC(O)C(O)C(O)C(O)C(=O)O	zzz
neg_B3	c1cc(C2=NCCC2)cnc1	zzz
neg_C3	CCOP(=O)(O)OCC	zzz
neg_D3	CC/C=C\CCOC(=O)CCCCC	zzz
neg_E3	CC(=O)NC(CCCNC(=N)N)C(=O)O	zzz
neg_F3	OC1C2COC(O2)C(O)C1O	zzz
neg_G3	CC(O)CC(=O)O	zzz
neg_H3	CNC(=O)c1cccnc1	zzz
neg_A4	O=C(O)CNC(=O)c1cccnc1	zzz
neg_B4	CCCCC(O)C(=O)O	zzz
neg_C4	O=C(O)Cc1c[nH]c2ccccc12	zzz
neg_D4	NC(CS(=O)(=O)O)C(=O)O	zzz
neg_E4	CSCCC(NC=O)C(=O)O	zzz
neg_F4	O=C1OC(C(O)CO)C(=O)C1=O	zzz
neg_G4	NC(=O)/C=C\C(=O)O	zzz
neg_H4	NC(C=O)C(O)C(O)C(O)CO	zzz
neg_A5	CC(O)C(C)O	zzz
neg_B5	OC1COC(O)CO1	zzz
neg_C5	NC(CO)Cc1cnc[nH]1	zzz
neg_D5	O=CC(O)C(O)C(O)CO	zzz
neg_E5	O=C(O)CCc1ccccc1O	zzz
neg_F5	CCCCCC/C=C\CCCCCCCC(=O)O	zzz
neg_G5	CCCCCCCCCCC/C=C/CCCCC(=O)O	zzz
neg_H5	COC1OC(CO)C(O)C(O)C1O	zzz
neg_A6	CN1CC(O)=NC1=N	zzz
neg_A6	NCCc1c[nH]c2ccc(O)cc12	zzz
neg_B6	CC(CC(=O)O)CC(=O)O	zzz
neg_C6	CC(=O)OCC(N)C(=O)O	zzz
neg_E6	CCCCCCCCCCCCCCCCCCCCCCC(=O)O	zzz
neg_F6	CC(=O)CC(=O)O	zzz
neg_G6	Nc1c(C(=O)O)cccc1O	zzz
neg_H6	O=C(O)CP(=O)(O)O	zzz
neg_A7	CCCCCCCC/C=C/CCCCCCCC(=O)O	zzz
neg_B7	CC(=O)NCCCC(=O)O	zzz
neg_C7	CCCCC(CC)COC(=O)c1ccccc1C(=O)OCC(CC)CCCC	zzz
neg_D7	O=C1OC(C(O)CO)C(O)C1O	zzz
neg_E7	O=C(O)C(O)c1ccccc1	zzz
neg_F7	O=C(O)Cc1cccc(O)c1	zzz
neg_G7	CC(O)c1ccccc1	zzz
neg_H7	CCOC(=O)CC(=O)O	zzz
neg_A8	CC(=O)NC1C(O)OC(CO)C(O)C1O	zzz
neg_B8	NC(CCC(=O)NC(CSSCC(NC(=O)CCC(N)C(=O)O)C(=O)NCC(=O)O)C(=O)NCC(=O)O)C(=O)O	zzz
neg_C8	C=CC1=C(C)C2=N/C1=C\c1c(C)c(C=C)c3n1[Fe](Cl)n1/c(c(C)c(CCC(=O)O)/c1=C/C1=N/C(=C\3)C(C)=C1CCC(=O)O)=C\2	zzz
neg_D8	c1cc2c(cc1)[nH]cc2	zzz
neg_E8	Oc1ncccc1	zzz
neg_F8	Nc1c(O)ccc(C(=O)O)c1	zzz
neg_G8	CC(=O)NC(Cc1ccccc1)C(=O)O	zzz
neg_H8	OCc1cc(O)ccc1	zzz
neg_A9	O=C(O)c1ccc2ccccc2c1O	zzz
neg_B9	O=C(O)c1ccc2ccccc2n1	zzz
neg_C9	O=C(O)c1cccc(O)c1	zzz
neg_D9	Nc1ncnc2c1ncn2C1OC(CSCCC(N)C(=O)O)C(O)C1O	zzz
neg_E9	CC1(C)CCC2(C(=O)OC3OC(CO)C(O)C(O)C3O)CCC3(C)C(=CCC4C5(C)CCC(OC6OC(C(=O)O)C(O)C(O)C6OC6OC(CO)C(O)C(O)C6O)C(C)(C)C5CCC43C)C2C1	zzz
neg_F9	O=CC(O)C(O)C(OC1OC(CO)C(OC2OC(CO)C(OC3OC(CO)C(OC4OC(CO)C(O)C(O)C4O)C(O)C3O)C(O)C2O)C(O)C1O)C(O)CO	zzz
neg_G9	COC(=O)C1(C)CCC2(C(=O)O)CCC3(C)C(=CCC4C5(C)CC(O)C(OC6OCC(OC7OC(CO)C(O)C(O)C7O)C(O)C6O)C(C)(CO)C5CCC43C)C2C1	zzz
neg_H9	CC(C)=CCCC(C)(OC1OC(COC2OC(CO)C(O)C2O)C(O)C(O)C1O)C1CCC2(C)C1C(O)CC1C3(C)CCC(OC4OC(CO)C(O)C(O)C4OC4OC(CO)C(O)C(O)C4O)C(C)(C)C3CCC12C	zzz
neg_A10	CCCCCc1ccco1	zzz
neg_B10	CCCCCCCCCCCO	zzz
neg_A2	NC(=O)CCC(N)C(=O)O	zzz
neg_B2	Nc1ncnc2c1ncn2C1OC(COP(=O)(O)OP(=O)(O)OP(=O)(O)O)C(O)C1O	zzz
neg_C2	CCCC(=O)[O-]	zzz
neg_D2	NCCS(=O)(=O)O	zzz
neg_E2	COC1OC(COS(=O)(=O)O)C(O)C(OC2OC(C(=O)O)C(C)C(O)C2O)C1NC(C)=O	zzz
neg_F2	NC(=O)c1ccc[n+](C2OC(COP(=O)([O-])OP(=O)(O)OCC3OC(n4cnc5c(N)ncnc54)C(O)C3O)C(O)C2O)c1	zzz
neg_G2	CN1CC(=O)NC1=N	zzz
neg_H2	N=C(N)NCCCC(N)C(=O)O	zzz
neg_A3	Cc1ncc(C[n+]2csc(CCO)c2C)c(N)n1	zzz
neg_B3	C[N+](C)(C)CCOP(=O)(O)OP(=O)([O-])OCC1OC(n2ccc(N)nc2=O)C(O)C1O	zzz
neg_C3	CCC(C)C(N)C(=O)O	zzz
neg_D3	CC(C)CC(N)C(=O)O	zzz
neg_E3	NC(=O)NCCCC(N)C(=O)O	zzz
neg_F3	C[Se]CCC(N)C(=O)O	zzz
neg_G3	NC(Cc1c[nH]cn1)C(=O)O	zzz
neg_H3	O=C([O-])C(O)C(O)C(O)C(O)CO	zzz
neg_A4	NC(CCC(=O)NC(CS)C(=O)NCC(=O)O)C(=O)O	zzz
neg_B4	NCCCC(N)C(=O)O	zzz
neg_C4	NCCCC(=O)O	zzz
neg_D4	CNCC(=O)O	zzz
neg_E4	OCC1OC(OC2C(CO)OC(O)C(O)C2O)C(O)C(O)C1O	zzz
neg_F4	CN(CC(=O)O)C(=N)NP(=O)(O)O	zzz
neg_G4	NCC(=O)NCC(=O)O	zzz
neg_H4	NCC(=O)O	zzz
neg_A5	CC(O)C(N)C(=O)O	zzz
neg_B5	N=C(N)NCCCCN	zzz
neg_C5	C[N+](C)(C)CCOP(=O)([O-])OCC(O)CO	zzz
neg_D5	Cc1cc2c(cc1C)n(CC(O)C(O)C(O)COP(=O)(O)O)c1nc(=O)[nH]c(=O)c-1n2	zzz
neg_E5	O=C1OC(C(O)CO)C(O)=C1OP(=O)(O)O	zzz
neg_F5	NC(=O)NCCCC(N)C(=O)O	zzz
neg_G5	NC(COP(=O)(O)O)C(=O)O	zzz
neg_H5	CC(C)(CO)C(O)C(=O)NCCC(=O)NCCSSCCNC(=O)CCNC(=O)C(O)C(C)(C)CO	zzz
neg_A6	NCCC(=O)NC(Cc1c[nH]cn1)C(=O)O	zzz
neg_B6	NC(=O)c1ccc[n+](C2OC(COP(=O)([O-])O)C(O)C2O)c1	zzz
neg_C6	N=C(N)NCCCCC(N)C(=O)O	zzz
neg_D6	NCCCNCCCCNCCCN	zzz
neg_E6	NCCC(=O)O	zzz
neg_F6	NC(=O)CC(N)C(=O)O	zzz
neg_G6	CN(CC(=O)O)C(=N)N	zzz
neg_A7	CC(C)C(N)C(=O)O	zzz
neg_B7	O=C(O)C1CCCN1	zzz
neg_C7	NCCCCC(N)C(=O)O	zzz
neg_D7	CC(N)C(=O)O	zzz
neg_E7	NC(CC(=O)O)C(=O)O	zzz
neg_F7	CSCCC(N)C(=O)O	zzz
neg_G7	N=C(N)NCCCC(N)C(=O)O	zzz
neg_H7	NC(CS)C(=O)O	zzz
neg_A8	O=C(O)C1CC(O)CN1	zzz
neg_B8	O=C(O)C1CCCN1	zzz
neg_C8	Cc1c(N)[nH]c(=O)nc1	zzz
neg_D8	CN(CC(=O)O)C(=N)N	zzz
neg_E8	NC(Cc1cc(I)c(O)cc1)C(=O)O	zzz
neg_F8	CC(C)CC(NC(=O)CN)C(=O)O	zzz
neg_G8	CN(C)CC(=O)O	zzz
neg_H8	NC(Cc1cc(O)ccc1)C(=O)O	zzz
neg_A9	CC(=O)NCCCCC(N)C(=O)O	zzz
neg_B9	NCCCCCCCC(=O)O	zzz
neg_C9	Cc1ncc(C[n+]2csc(CCOP(=O)(O)OP(=O)(O)O)c2C)c(N)n1	zzz
neg_D9	O=c1[nH]cnc2c1ncn2C1OC(COP(=O)(O)OP(=O)(O)OP(=O)(O)O)C(O)C1O	zzz
neg_E9	NC(Cc1cc(Cl)c(O)cc1)C(=O)O	zzz
neg_F9	N=C(N)NCCCCC(N)C(=O)O	zzz
neg_G9	CC(=O)NC(CCCN)C(=O)O	zzz
neg_H9	CC(C)C(NC(=O)CN)C(=O)O	zzz
neg_A10	NC(=O)NCCCCC(N)C(=O)O	zzz
neg_B10	NC(C(=O)O)C(=O)O	zzz
neg_C10	NCC(=O)N1CCCC1C(=O)O	zzz
neg_D10	CC(CN)C(=O)O	zzz
neg_E10	N=C(N)NCCCC(=O)O	zzz
neg_F10	CC(C)C(N)CC(=O)O	zzz
neg_G10	CC(C)CC(N)C(=O)NC(C)C(=O)O	zzz
neg_H10	CCC(N)C(=O)O	zzz
neg_A11	NC(CO)C(=O)O	zzz
neg_B11	NC(CCC(=O)O)C(=O)O	zzz
neg_C11	CC(C)(N)C(=O)O	zzz
neg_D11	O=C(COP(=O)(O)O)C(O)C(O)C(O)COP(=O)(O)O	zzz
neg_E11	O=C(O)C1CCCCN1	zzz
neg_F11	Nc1nc(=O)c2c([nH]1)n(C1OC(COP(=O)(O)O)C(O)C1O)cn2	zzz
neg_G11	O=C(O[Ca]OC(=O)C(O)C(O)CO)C(O)C(O)CO	zzz
neg_H11	O=P(O)(O)OC1C(OP(=O)(O)O)C(OP(=O)(O)O)C(OP(=O)(O)O)C(OP(=O)(O)O)C1OP(=O)(O)O	zzz
neg_A2	O=C(O)C1CCCCN1	zzz
neg_B2	Nc1ncnc2c1ncn2C1OC(COP(=O)(O)OP(=O)(O)O)C(O)C1O	zzz
neg_C2	CCCC(N)C(=O)O	zzz
neg_D2	NC(=O)c1ccc[n+](C2OC(COP(=O)(O)OP(=O)([O-])OCC3OC(n4cnc5c4ncnc5N)C(OP(=O)(O)O)C3O)C(O)C2O)c1	zzz
neg_E2	NCCOP(=O)(O)O	zzz
neg_F2	NC(CO)C(=O)O	zzz
neg_G2	O=c1ccn(C2OC(COP(=O)(O)O)C(O)C2O)c(=O)[nH]1	zzz
neg_H2	Nc1ncnc2c1ncn2C1OC(COP(=O)(O)OP(=O)(O)OP(=O)(O)O)C(O)C1O	zzz
neg_A3	NC(=O)CCC(N)C(=O)O	zzz
neg_B3	O=C(O)C1C2CCC(O2)C1C(=O)O	zzz
neg_C3	O=C(O[Ca]OC(=O)C(O)C(O)C(O)C(O)C(O)CO)C(O)C(O)C(O)C(O)C(O)CO	zzz
neg_D3	NCCCS(=O)(=O)O	zzz
neg_E3	Nc1nc(O)c2c(n1)NCC(CNc1ccc(C(=O)NC(CCC(=O)O)C(=O)O)cc1)N2C=O	zzz
neg_F3	O=C(CO)C(O)C(O)C(O)CO	zzz
neg_G3	Cn1cncc1CC(NC(=O)CCN)C(=O)O	zzz
neg_H3	CCC(N)C(=O)O	zzz
neg_A4	CC(C)CC(NC(=O)C(COC(C)(C)C)NC(=O)C(Cc1ccc(O)cc1)NC(=O)C(CO)NC(=O)C(Cc1c[nH]c2ccccc12)NC(=O)C(Cc1cnc[nH]1)NC(=O)C1CCC(=O)N1)C(=O)NC(CCCN=C(N)N)C(=O)N1CCCC1C(=O)NNC(N)=O	zzz
neg_B4	CC12CCC3c4c(cc(OC(=O)N(CCCl)CCCl)cc4)CCC3C1CCC2OP(=O)(O)O	zzz
neg_C4	NCCCNCCCCNCCCN	zzz
neg_D4	Nc1nc(=O)n(C2OC(CO)C(O)C2O)cc1	zzz
neg_E4	O=P(O)(O)OC1C(OP(=O)(O)O)C(OP(=O)(O)O)C(OP(=O)(O)O)C(OP(=O)(O)O)C1OP(=O)(O)O	zzz
neg_F4	NC(=O)CCC(N)C(=O)O	zzz
neg_G4	C[N+](C)(C)CCOP(=O)([O-])OP(=O)(O)OCC1OC(n2ccc(N)nc2=O)C(O)C1O	zzz
neg_H4	CC(N)C(=O)NC(CCC(N)=O)C(=O)O	zzz
neg_A5	OC1C(O)C(O)C(O)C(O)C1O	zzz
neg_B5	O=C(O)CN(CCO)CCO	zzz
neg_D5	CCC(C)C1NC(=O)C(Cc2ccc(O)cc2)NC(=O)C(N)CSSCC(C(=O)N2CCCC2C(=O)NC(CC(C)C)C(=O)NCC(N)=O)NC(=O)C(CC(N)=O)NC(=O)C(CCC(N)=O)NC1=O	zzz
neg_E5	*OC1OC(C(=O)O)C(OC2OC(CO)C(O)C(O*)C2NC(C)=O)C(O)C1O	zzz
neg_F5	CC(N)C(=O)O	zzz
neg_G5	NCC(O)CCC(N)C(=O)O	zzz
neg_H5	Cc1ncc(C[n+]2csc(CCOP(=O)(O)O)c2C)c(N)n1	zzz
neg_A6	O=C(O)C(O)(O)C(=O)O	zzz
neg_B6	O=C([O-])C(O)C(O)C(O)C(O)C(=O)O	zzz
neg_C6	NCCC(N)C(=O)O	zzz
neg_D6	O=C(O)CC(C(=O)O)C(O)C(=O)O	zzz
neg_E6	CSCCC(O)C(=O)O[Ca]OC(=O)C(O)CCSC	zzz
neg_F6	NC(Cc1cnc[nH]1)C(=O)O	zzz
neg_G6	NC(CCO)C(=O)O	zzz
neg_H6	NC1(C(=O)O)CC1	zzz
neg_A7	Cc1cn(C2CC(O)C(COP(=O)(O)O)O2)c(=O)[nH]c1=O	zzz
neg_B7	Cn1cncc1CC(NC(=O)CCN)C(=O)O	zzz
neg_C7	O=P(O)(O)OC1C(OP(=O)(O)O)C(OP(=O)(O)O)C(OP(=O)(O)O)C(OP(=O)(O)O)C1OP(=O)(O)O	zzz
neg_D7	O=c1[nH]cnc2c1ncn2C1OC(COP(=O)(O)O)C(O)C1O	zzz
neg_E7	NCCP(=O)(O)O	zzz
neg_F7	C=C(OP(=O)(O)O)C(=O)O	zzz
neg_G7	CC(=O)NC(CCCCN)C(=O)O	zzz
neg_H7	C[n+]1cccc(C(N)=O)c1	zzz
neg_A8	C[N+](C)(C)CCOP(=O)([O-])O	zzz
neg_B8	O=C(O)C1CC(O)CN1	zzz
neg_C8	O=c1ccn(C2OC(COP(=O)(O)OP(=O)(O)O)C(O)C2O)c(=O)[nH]1	zzz
neg_A2	O=c1[nH]cnc2c1[nH]cn2	zzz
neg_B2	Nc1nc(=O)c2c(ncc(CNc3ccc(C(=O)NC(CCC(=O)O)C(=O)O)cc3)n2)[nH]1	zzz
neg_C2	C=CC1=C(C)/C(=C/c2c(C)c(CCC(=O)O)c(Cc3c(CCC(=O)O)c(C)c(/C=C4\NC(=O)C(C)=C4C=C)[nH]3)[nH]2)NC1=O	zzz
neg_D2	CC(C)CCCC(C)C1CCC2C3CCC4CC(O)CCC4(C)C3CCC12C	zzz
neg_E2	CC(O)C(O)c1nc2c(nc1)[nH]c(N)nc2=O	zzz
neg_F2	CC1=C(/C=C/C(C)=C/C=C/C(C)=C/C=C/C=C(C)/C=C/C=C(C)/C=C/C2=C(C)CCCC2(C)C)C(C)(C)CCC1	zzz
neg_G2	CCCCCCCCCCCCCC(=O)OCC(COC(=O)CCCCCCCCCCCCC)OC(=O)CCCCCCCCCCCCC	zzz
neg_H2	O=c1oc2c(O)c(O)cc3c2c2c(oc3=O)c(O)c(O)cc12	zzz
neg_A3	CCn1cc(C(=O)O)c(=O)c2cc(F)c(N3CCNCC3)cc21	zzz
neg_B3	CC(N)(Cc1cc(O)c(O)cc1)C(=O)O	zzz
neg_C3	Cc1c(CCN2CCC(c3noc4c3ccc(F)c4)CC2)c(=O)n2CCCC(O)c2n1	zzz
neg_D3	CN1C(C(=O)Nc2ncccc2)=C(O)c2c(cc(Cl)s2)S1(=O)=O	zzz
neg_E3	COc1c(O)cc(-c2cc(=O)c3c(cc(OC4OC(COC5OC(C)C(O)C(O)C5O)C(O)C(O)C4O)cc3O)o2)cc1	zzz
neg_F3	CCN1CCN(c2cc3c(cc2F)c(=O)c(C(=O)O)cn3C2CC2)CC1	zzz
neg_G3	C1N2CN3CN1CN(C2)C3	zzz
neg_H3	CC1(C)SC2C(N)C(=O)N2C1C(=O)O	zzz
neg_A4	CCCCCCCCCCCCCCCCCCCCCCCCCCCCO	zzz
neg_B4	CC(C)=CCCC(C)(OC1OC(COC2OCC(O)C(O)C2O)C(O)C(O)C1O)C1CCC2(C)C1C(O)CC1C3(C)CCC(OC4OC(CO)C(O)C(O)C4OC4OC(CO)C(O)C(O)C4O)C(C)(C)C3CCC12C	zzz
neg_C4	CC1CCC2(CO)CCC3(C)C(=CCC4C5(C)CCC(O)C(C)(C)C5CCC43C)C2C1C	zzz
neg_D4	CC(=O)C1CCC2C3CCC4CC(=O)CCC4(C)C3CCC12C	zzz
neg_E4	CCCCCCCCCCCCCCCC(=O)OC/C=C(C)/C=C/C=C(C)/C=C/C1=C(C)CCCC1(C)C	zzz
neg_A2	NC(Cc1ccccc1)C(=O)O	zzz
neg_B2	*OC1OC(C(=O)O)C(OC2OC(CO)C(O)C(*)C2NC(C)=O)C(O)C1O	zzz